Name,Financial Status,Paid at,Currency,Total,Refunded Amount,Referring Site
#1001,paid,2026-05-01 12:00:00 +0000,USD,171.0,,https://l.facebook.com/
#1002,paid,2026-05-01 12:00:00 +0000,USD,70.4,,https://www.google.com/
#1003,paid,2026-05-01 12:00:00 +0000,USD,123.39,,https://l.facebook.com/
#1004,paid,2026-05-01 12:00:00 +0000,USD,184.04,,
#1005,paid,2026-05-01 12:00:00 +0000,USD,91.3,,https://www.google.com/
#1006,paid,2026-05-01 12:00:00 +0000,USD,141.32,,
#1007,paid,2026-05-01 12:00:00 +0000,USD,102.03,,https://l.facebook.com/
#1008,paid,2026-05-01 12:00:00 +0000,USD,192.64,,
#1009,paid,2026-05-01 12:00:00 +0000,USD,126.02,,
#1010,paid,2026-05-01 12:00:00 +0000,USD,146.34,,https://www.google.com/
#1011,paid,2026-05-01 12:00:00 +0000,USD,70.08,,https://l.facebook.com/
#1012,paid,2026-05-01 12:00:00 +0000,USD,189.99,,https://www.google.com/
#1013,paid,2026-05-01 12:00:00 +0000,USD,126.54,,https://l.facebook.com/
#1014,paid,2026-05-01 12:00:00 +0000,USD,171.61,,
#1015,paid,2026-05-01 12:00:00 +0000,USD,129.18,,https://www.google.com/
#1016,paid,2026-05-01 12:00:00 +0000,USD,183.36,,
#1017,paid,2026-05-01 12:00:00 +0000,USD,148.46,,https://l.facebook.com/
#1018,paid,2026-05-01 12:00:00 +0000,USD,72.79,,https://www.google.com/
#1019,paid,2026-05-01 12:00:00 +0000,USD,75.0,,
#1020,paid,2026-05-01 12:00:00 +0000,USD,159.51,,https://l.facebook.com/
#1021,paid,2026-05-01 12:00:00 +0000,USD,141.99,,https://l.facebook.com/
#1022,paid,2026-05-01 12:00:00 +0000,USD,154.96,,https://www.google.com/
#1023,paid,2026-05-01 12:00:00 +0000,USD,199.23,,https://l.facebook.com/
#1024,paid,2026-05-01 12:00:00 +0000,USD,119.73,,https://l.facebook.com/
#1025,paid,2026-05-01 12:00:00 +0000,USD,155.06,,
#1026,refunded,2026-05-01 12:00:00 +0000,USD,90.67,90.67,https://www.google.com/
#1027,paid,2026-05-01 12:00:00 +0000,USD,137.08,,https://l.facebook.com/
#1028,paid,2026-05-01 12:00:00 +0000,USD,168.77,,
#1029,paid,2026-05-01 12:00:00 +0000,USD,172.55,,https://www.google.com/
#1030,paid,2026-05-01 12:00:00 +0000,USD,161.97,,https://l.facebook.com/
#1031,paid,2026-05-01 12:00:00 +0000,USD,176.33,,https://l.facebook.com/
#1032,paid,2026-05-01 12:00:00 +0000,USD,128.79,,https://l.facebook.com/
#1033,paid,2026-05-01 12:00:00 +0000,USD,147.49,,https://l.facebook.com/
#1034,paid,2026-05-01 12:00:00 +0000,USD,169.68,,https://l.facebook.com/
#1035,paid,2026-05-01 12:00:00 +0000,USD,121.33,,
#1036,paid,2026-05-01 12:00:00 +0000,USD,72.28,,
#1037,paid,2026-05-01 12:00:00 +0000,USD,142.53,,
#1038,paid,2026-05-01 12:00:00 +0000,USD,94.59,,https://l.facebook.com/
#1039,paid,2026-05-02 12:00:00 +0000,USD,113.71,,https://www.google.com/
#1040,paid,2026-05-02 12:00:00 +0000,USD,89.54,,https://www.google.com/
#1041,paid,2026-05-02 12:00:00 +0000,USD,154.94,,https://www.google.com/
#1042,paid,2026-05-02 12:00:00 +0000,USD,118.29,,https://l.facebook.com/
#1043,paid,2026-05-02 12:00:00 +0000,USD,111.03,,https://www.google.com/
#1044,paid,2026-05-02 12:00:00 +0000,USD,179.37,,https://www.google.com/
#1045,paid,2026-05-02 12:00:00 +0000,USD,155.56,,
#1046,paid,2026-05-02 12:00:00 +0000,USD,104.0,,https://l.facebook.com/
#1047,paid,2026-05-02 12:00:00 +0000,USD,195.62,,
#1048,paid,2026-05-02 12:00:00 +0000,USD,148.81,,https://www.google.com/
#1049,paid,2026-05-02 12:00:00 +0000,USD,75.29,,
#1050,paid,2026-05-02 12:00:00 +0000,USD,81.21,,
#1051,paid,2026-05-02 12:00:00 +0000,USD,72.06,,https://l.facebook.com/
#1052,paid,2026-05-02 12:00:00 +0000,USD,134.55,,https://l.facebook.com/
#1053,paid,2026-05-02 12:00:00 +0000,USD,155.89,,
#1054,refunded,2026-05-02 12:00:00 +0000,USD,163.9,163.9,https://l.facebook.com/
#1055,paid,2026-05-02 12:00:00 +0000,USD,72.72,,https://l.facebook.com/
#1056,paid,2026-05-02 12:00:00 +0000,USD,110.99,,
#1057,paid,2026-05-02 12:00:00 +0000,USD,174.17,,
#1058,paid,2026-05-02 12:00:00 +0000,USD,157.72,,
#1059,paid,2026-05-02 12:00:00 +0000,USD,125.58,,
#1060,paid,2026-05-02 12:00:00 +0000,USD,172.25,,https://l.facebook.com/
#1061,paid,2026-05-02 12:00:00 +0000,USD,157.48,,
#1062,paid,2026-05-02 12:00:00 +0000,USD,122.31,,https://www.google.com/
#1063,paid,2026-05-02 12:00:00 +0000,USD,82.17,,
#1064,paid,2026-05-02 12:00:00 +0000,USD,98.5,,https://l.facebook.com/
#1065,paid,2026-05-02 12:00:00 +0000,USD,123.28,,https://l.facebook.com/
#1066,paid,2026-05-02 12:00:00 +0000,USD,110.7,,https://l.facebook.com/
#1067,refunded,2026-05-02 12:00:00 +0000,USD,128.92,128.92,
#1068,paid,2026-05-02 12:00:00 +0000,USD,197.79,,https://l.facebook.com/
#1069,paid,2026-05-02 12:00:00 +0000,USD,92.62,,https://l.facebook.com/
#1070,paid,2026-05-02 12:00:00 +0000,USD,137.37,,
#1071,paid,2026-05-02 12:00:00 +0000,USD,183.72,,
#1072,paid,2026-05-02 12:00:00 +0000,USD,189.31,,https://l.facebook.com/
#1073,paid,2026-05-02 12:00:00 +0000,USD,112.91,,https://www.google.com/
#1074,paid,2026-05-03 12:00:00 +0000,USD,112.05,,https://l.facebook.com/
#1075,paid,2026-05-03 12:00:00 +0000,USD,166.32,,https://l.facebook.com/
#1076,paid,2026-05-03 12:00:00 +0000,USD,155.02,,https://www.google.com/
#1077,paid,2026-05-03 12:00:00 +0000,USD,122.54,,https://www.google.com/
#1078,paid,2026-05-03 12:00:00 +0000,USD,77.02,,https://l.facebook.com/
#1079,paid,2026-05-03 12:00:00 +0000,USD,155.78,,https://www.google.com/
#1080,paid,2026-05-03 12:00:00 +0000,USD,188.08,,
#1081,paid,2026-05-03 12:00:00 +0000,USD,126.89,,https://l.facebook.com/
#1082,paid,2026-05-03 12:00:00 +0000,USD,115.33,,https://l.facebook.com/
#1083,paid,2026-05-03 12:00:00 +0000,USD,88.23,,https://www.google.com/
#1084,paid,2026-05-03 12:00:00 +0000,USD,85.67,,https://l.facebook.com/
#1085,paid,2026-05-03 12:00:00 +0000,USD,145.35,,
#1086,paid,2026-05-03 12:00:00 +0000,USD,129.14,,https://www.google.com/
#1087,paid,2026-05-03 12:00:00 +0000,USD,189.5,,
#1088,refunded,2026-05-03 12:00:00 +0000,USD,113.45,113.45,https://l.facebook.com/
#1089,paid,2026-05-03 12:00:00 +0000,USD,121.71,,https://www.google.com/
#1090,paid,2026-05-03 12:00:00 +0000,USD,192.58,,https://l.facebook.com/
#1091,paid,2026-05-03 12:00:00 +0000,USD,162.02,,https://l.facebook.com/
#1092,paid,2026-05-03 12:00:00 +0000,USD,85.78,,https://l.facebook.com/
#1093,paid,2026-05-03 12:00:00 +0000,USD,88.19,,
#1094,paid,2026-05-03 12:00:00 +0000,USD,156.54,,https://l.facebook.com/
#1095,paid,2026-05-03 12:00:00 +0000,USD,82.51,,
#1096,paid,2026-05-03 12:00:00 +0000,USD,117.21,,https://www.google.com/
#1097,paid,2026-05-03 12:00:00 +0000,USD,151.49,,https://l.facebook.com/
#1098,paid,2026-05-03 12:00:00 +0000,USD,85.52,,https://l.facebook.com/
#1099,paid,2026-05-03 12:00:00 +0000,USD,159.03,,https://www.google.com/
#1100,paid,2026-05-03 12:00:00 +0000,USD,127.31,,
#1101,paid,2026-05-03 12:00:00 +0000,USD,173.5,,https://www.google.com/
#1102,paid,2026-05-03 12:00:00 +0000,USD,137.75,,https://www.google.com/
#1103,paid,2026-05-03 12:00:00 +0000,USD,143.42,,
#1104,paid,2026-05-03 12:00:00 +0000,USD,134.83,,https://l.facebook.com/
#1105,paid,2026-05-03 12:00:00 +0000,USD,111.31,,https://www.google.com/
#1106,paid,2026-05-03 12:00:00 +0000,USD,94.2,,https://l.facebook.com/
#1107,paid,2026-05-03 12:00:00 +0000,USD,165.12,,https://l.facebook.com/
#1108,paid,2026-05-03 12:00:00 +0000,USD,150.51,,https://www.google.com/
#1109,paid,2026-05-03 12:00:00 +0000,USD,132.58,,https://l.facebook.com/
#1110,paid,2026-05-03 12:00:00 +0000,USD,123.99,,https://l.facebook.com/
#1111,paid,2026-05-04 12:00:00 +0000,USD,166.23,,
#1112,paid,2026-05-04 12:00:00 +0000,USD,124.08,,https://l.facebook.com/
#1113,refunded,2026-05-04 12:00:00 +0000,USD,174.24,174.24,https://www.google.com/
#1114,paid,2026-05-04 12:00:00 +0000,USD,157.43,,
#1115,paid,2026-05-04 12:00:00 +0000,USD,174.84,,
#1116,paid,2026-05-04 12:00:00 +0000,USD,173.65,,
#1117,paid,2026-05-04 12:00:00 +0000,USD,155.15,,https://l.facebook.com/
#1118,paid,2026-05-04 12:00:00 +0000,USD,145.1,,https://www.google.com/
#1119,paid,2026-05-04 12:00:00 +0000,USD,155.0,,https://www.google.com/
#1120,paid,2026-05-04 12:00:00 +0000,USD,143.24,,
#1121,paid,2026-05-04 12:00:00 +0000,USD,102.58,,
#1122,paid,2026-05-04 12:00:00 +0000,USD,157.37,,
#1123,paid,2026-05-04 12:00:00 +0000,USD,178.08,,https://l.facebook.com/
#1124,paid,2026-05-04 12:00:00 +0000,USD,77.38,,https://l.facebook.com/
#1125,refunded,2026-05-04 12:00:00 +0000,USD,121.54,121.54,https://www.google.com/
#1126,refunded,2026-05-04 12:00:00 +0000,USD,162.29,162.29,https://www.google.com/
#1127,paid,2026-05-04 12:00:00 +0000,USD,153.17,,
#1128,paid,2026-05-04 12:00:00 +0000,USD,184.44,,https://l.facebook.com/
#1129,paid,2026-05-04 12:00:00 +0000,USD,131.56,,https://l.facebook.com/
#1130,paid,2026-05-04 12:00:00 +0000,USD,88.22,,https://www.google.com/
#1131,paid,2026-05-04 12:00:00 +0000,USD,189.44,,https://l.facebook.com/
#1132,paid,2026-05-04 12:00:00 +0000,USD,178.27,,
#1133,paid,2026-05-04 12:00:00 +0000,USD,133.77,,https://l.facebook.com/
#1134,paid,2026-05-04 12:00:00 +0000,USD,176.82,,https://www.google.com/
#1135,paid,2026-05-04 12:00:00 +0000,USD,198.91,,
#1136,paid,2026-05-04 12:00:00 +0000,USD,162.26,,https://www.google.com/
#1137,paid,2026-05-04 12:00:00 +0000,USD,86.37,,
#1138,refunded,2026-05-04 12:00:00 +0000,USD,80.05,80.05,https://www.google.com/
#1139,paid,2026-05-04 12:00:00 +0000,USD,135.68,,https://www.google.com/
#1140,paid,2026-05-04 12:00:00 +0000,USD,148.97,,https://l.facebook.com/
#1141,paid,2026-05-04 12:00:00 +0000,USD,82.88,,
#1142,paid,2026-05-04 12:00:00 +0000,USD,142.39,,https://l.facebook.com/
#1143,paid,2026-05-04 12:00:00 +0000,USD,73.0,,
#1144,paid,2026-05-04 12:00:00 +0000,USD,186.44,,https://l.facebook.com/
#1145,paid,2026-05-05 12:00:00 +0000,USD,105.15,,https://www.google.com/
#1146,paid,2026-05-05 12:00:00 +0000,USD,195.48,,https://l.facebook.com/
#1147,paid,2026-05-05 12:00:00 +0000,USD,199.95,,https://l.facebook.com/
#1148,paid,2026-05-05 12:00:00 +0000,USD,156.26,,https://www.google.com/
#1149,paid,2026-05-05 12:00:00 +0000,USD,84.75,,
#1150,paid,2026-05-05 12:00:00 +0000,USD,177.43,,https://l.facebook.com/
#1151,refunded,2026-05-05 12:00:00 +0000,USD,74.15,74.15,https://l.facebook.com/
#1152,paid,2026-05-05 12:00:00 +0000,USD,99.94,,
#1153,paid,2026-05-05 12:00:00 +0000,USD,142.22,,https://www.google.com/
#1154,paid,2026-05-05 12:00:00 +0000,USD,178.69,,https://www.google.com/
#1155,refunded,2026-05-05 12:00:00 +0000,USD,183.27,183.27,https://www.google.com/
#1156,paid,2026-05-05 12:00:00 +0000,USD,117.86,,https://l.facebook.com/
#1157,paid,2026-05-05 12:00:00 +0000,USD,98.14,,
#1158,paid,2026-05-05 12:00:00 +0000,USD,132.73,,https://www.google.com/
#1159,paid,2026-05-05 12:00:00 +0000,USD,125.99,,https://l.facebook.com/
#1160,paid,2026-05-05 12:00:00 +0000,USD,147.05,,https://l.facebook.com/
#1161,paid,2026-05-05 12:00:00 +0000,USD,128.57,,https://l.facebook.com/
#1162,paid,2026-05-05 12:00:00 +0000,USD,190.18,,https://l.facebook.com/
#1163,paid,2026-05-05 12:00:00 +0000,USD,85.0,,https://www.google.com/
#1164,paid,2026-05-05 12:00:00 +0000,USD,174.67,,https://l.facebook.com/
#1165,paid,2026-05-05 12:00:00 +0000,USD,93.5,,
#1166,paid,2026-05-05 12:00:00 +0000,USD,72.99,,https://www.google.com/
#1167,paid,2026-05-05 12:00:00 +0000,USD,97.74,,
#1168,paid,2026-05-05 12:00:00 +0000,USD,119.74,,
#1169,paid,2026-05-05 12:00:00 +0000,USD,101.82,,https://www.google.com/
#1170,paid,2026-05-05 12:00:00 +0000,USD,78.58,,https://l.facebook.com/
#1171,paid,2026-05-05 12:00:00 +0000,USD,73.99,,
#1172,paid,2026-05-05 12:00:00 +0000,USD,163.6,,https://l.facebook.com/
#1173,paid,2026-05-05 12:00:00 +0000,USD,196.58,,https://l.facebook.com/
#1174,paid,2026-05-06 12:00:00 +0000,USD,199.63,,
#1175,paid,2026-05-06 12:00:00 +0000,USD,114.34,,
#1176,paid,2026-05-06 12:00:00 +0000,USD,143.68,,https://l.facebook.com/
#1177,paid,2026-05-06 12:00:00 +0000,USD,111.26,,https://l.facebook.com/
#1178,paid,2026-05-06 12:00:00 +0000,USD,120.03,,https://www.google.com/
#1179,paid,2026-05-06 12:00:00 +0000,USD,190.47,,https://www.google.com/
#1180,paid,2026-05-06 12:00:00 +0000,USD,133.05,,
#1181,paid,2026-05-06 12:00:00 +0000,USD,124.36,,https://l.facebook.com/
#1182,paid,2026-05-06 12:00:00 +0000,USD,154.8,,https://l.facebook.com/
#1183,paid,2026-05-06 12:00:00 +0000,USD,91.87,,https://l.facebook.com/
#1184,refunded,2026-05-06 12:00:00 +0000,USD,179.42,179.42,https://www.google.com/
#1185,paid,2026-05-06 12:00:00 +0000,USD,115.97,,https://l.facebook.com/
#1186,paid,2026-05-06 12:00:00 +0000,USD,149.56,,
#1187,paid,2026-05-06 12:00:00 +0000,USD,175.45,,https://l.facebook.com/
#1188,paid,2026-05-06 12:00:00 +0000,USD,108.02,,https://l.facebook.com/
#1189,paid,2026-05-06 12:00:00 +0000,USD,72.54,,https://www.google.com/
#1190,paid,2026-05-06 12:00:00 +0000,USD,131.35,,https://l.facebook.com/
#1191,paid,2026-05-06 12:00:00 +0000,USD,195.37,,https://www.google.com/
#1192,paid,2026-05-06 12:00:00 +0000,USD,154.33,,
#1193,paid,2026-05-06 12:00:00 +0000,USD,146.04,,
#1194,paid,2026-05-06 12:00:00 +0000,USD,130.64,,https://www.google.com/
#1195,paid,2026-05-06 12:00:00 +0000,USD,90.2,,
#1196,paid,2026-05-06 12:00:00 +0000,USD,140.31,,https://l.facebook.com/
#1197,paid,2026-05-06 12:00:00 +0000,USD,104.58,,https://www.google.com/
#1198,paid,2026-05-06 12:00:00 +0000,USD,189.58,,https://l.facebook.com/
#1199,paid,2026-05-06 12:00:00 +0000,USD,155.55,,
#1200,paid,2026-05-06 12:00:00 +0000,USD,72.61,,https://l.facebook.com/
#1201,paid,2026-05-06 12:00:00 +0000,USD,86.65,,https://l.facebook.com/
#1202,paid,2026-05-06 12:00:00 +0000,USD,133.97,,
#1203,paid,2026-05-06 12:00:00 +0000,USD,123.42,,
#1204,refunded,2026-05-06 12:00:00 +0000,USD,160.82,160.82,https://l.facebook.com/
#1205,paid,2026-05-07 12:00:00 +0000,USD,119.6,,
#1206,paid,2026-05-07 12:00:00 +0000,USD,137.82,,https://www.google.com/
#1207,paid,2026-05-07 12:00:00 +0000,USD,123.92,,
#1208,paid,2026-05-07 12:00:00 +0000,USD,152.27,,https://l.facebook.com/
#1209,paid,2026-05-07 12:00:00 +0000,USD,185.26,,https://l.facebook.com/
#1210,paid,2026-05-07 12:00:00 +0000,USD,198.25,,
#1211,paid,2026-05-07 12:00:00 +0000,USD,189.1,,
#1212,paid,2026-05-07 12:00:00 +0000,USD,142.31,,https://l.facebook.com/
#1213,paid,2026-05-07 12:00:00 +0000,USD,186.45,,https://www.google.com/
#1214,paid,2026-05-07 12:00:00 +0000,USD,107.21,,
#1215,paid,2026-05-07 12:00:00 +0000,USD,72.36,,
#1216,paid,2026-05-07 12:00:00 +0000,USD,132.34,,https://l.facebook.com/
#1217,paid,2026-05-07 12:00:00 +0000,USD,156.19,,https://www.google.com/
#1218,paid,2026-05-07 12:00:00 +0000,USD,178.93,,https://www.google.com/
#1219,paid,2026-05-07 12:00:00 +0000,USD,197.83,,https://l.facebook.com/
#1220,paid,2026-05-07 12:00:00 +0000,USD,100.7,,https://www.google.com/
#1221,paid,2026-05-07 12:00:00 +0000,USD,134.66,,https://l.facebook.com/
#1222,paid,2026-05-07 12:00:00 +0000,USD,187.98,,
#1223,paid,2026-05-07 12:00:00 +0000,USD,122.65,,https://www.google.com/
#1224,paid,2026-05-07 12:00:00 +0000,USD,136.19,,https://l.facebook.com/
#1225,paid,2026-05-07 12:00:00 +0000,USD,192.89,,https://l.facebook.com/
#1226,paid,2026-05-07 12:00:00 +0000,USD,98.53,,
#1227,refunded,2026-05-07 12:00:00 +0000,USD,163.45,163.45,https://www.google.com/
#1228,paid,2026-05-07 12:00:00 +0000,USD,151.03,,https://l.facebook.com/
#1229,paid,2026-05-07 12:00:00 +0000,USD,184.52,,
#1230,paid,2026-05-07 12:00:00 +0000,USD,126.08,,https://l.facebook.com/
#1231,paid,2026-05-07 12:00:00 +0000,USD,103.23,,https://l.facebook.com/
#1232,refunded,2026-05-07 12:00:00 +0000,USD,79.04,79.04,https://www.google.com/
#1233,paid,2026-05-07 12:00:00 +0000,USD,139.14,,https://l.facebook.com/
#1234,paid,2026-05-07 12:00:00 +0000,USD,79.36,,https://www.google.com/
#1235,paid,2026-05-07 12:00:00 +0000,USD,75.2,,https://l.facebook.com/
#1236,paid,2026-05-07 12:00:00 +0000,USD,72.13,,https://l.facebook.com/
#1237,paid,2026-05-07 12:00:00 +0000,USD,97.34,,https://l.facebook.com/
#1238,paid,2026-05-07 12:00:00 +0000,USD,199.96,,
#1239,paid,2026-05-07 12:00:00 +0000,USD,137.1,,https://l.facebook.com/
#1240,paid,2026-05-08 12:00:00 +0000,USD,152.1,,
#1241,paid,2026-05-08 12:00:00 +0000,USD,87.97,,
#1242,paid,2026-05-08 12:00:00 +0000,USD,174.04,,
#1243,paid,2026-05-08 12:00:00 +0000,USD,171.34,,https://www.google.com/
#1244,refunded,2026-05-08 12:00:00 +0000,USD,134.61,134.61,https://www.google.com/
#1245,refunded,2026-05-08 12:00:00 +0000,USD,123.37,123.37,https://l.facebook.com/
#1246,paid,2026-05-08 12:00:00 +0000,USD,137.93,,https://l.facebook.com/
#1247,paid,2026-05-08 12:00:00 +0000,USD,195.57,,https://l.facebook.com/
#1248,paid,2026-05-08 12:00:00 +0000,USD,164.84,,https://l.facebook.com/
#1249,paid,2026-05-08 12:00:00 +0000,USD,131.71,,https://l.facebook.com/
#1250,paid,2026-05-08 12:00:00 +0000,USD,111.3,,
#1251,paid,2026-05-08 12:00:00 +0000,USD,109.95,,https://l.facebook.com/
#1252,paid,2026-05-08 12:00:00 +0000,USD,102.46,,https://www.google.com/
#1253,paid,2026-05-08 12:00:00 +0000,USD,144.18,,
#1254,paid,2026-05-08 12:00:00 +0000,USD,185.35,,https://l.facebook.com/
#1255,paid,2026-05-08 12:00:00 +0000,USD,157.74,,
#1256,paid,2026-05-08 12:00:00 +0000,USD,189.91,,https://www.google.com/
#1257,paid,2026-05-08 12:00:00 +0000,USD,131.55,,
#1258,paid,2026-05-08 12:00:00 +0000,USD,99.78,,https://www.google.com/
#1259,paid,2026-05-08 12:00:00 +0000,USD,135.72,,
#1260,paid,2026-05-08 12:00:00 +0000,USD,125.96,,https://l.facebook.com/
#1261,paid,2026-05-08 12:00:00 +0000,USD,90.71,,
#1262,paid,2026-05-08 12:00:00 +0000,USD,157.52,,
#1263,paid,2026-05-08 12:00:00 +0000,USD,184.49,,https://l.facebook.com/
#1264,paid,2026-05-08 12:00:00 +0000,USD,192.75,,https://l.facebook.com/
#1265,paid,2026-05-08 12:00:00 +0000,USD,74.18,,https://l.facebook.com/
#1266,paid,2026-05-08 12:00:00 +0000,USD,190.42,,
#1267,paid,2026-05-08 12:00:00 +0000,USD,87.74,,https://www.google.com/
#1268,paid,2026-05-08 12:00:00 +0000,USD,82.12,,
#1269,paid,2026-05-08 12:00:00 +0000,USD,126.97,,https://www.google.com/
#1270,paid,2026-05-08 12:00:00 +0000,USD,114.09,,https://l.facebook.com/
#1271,paid,2026-05-08 12:00:00 +0000,USD,163.89,,https://l.facebook.com/
#1272,paid,2026-05-08 12:00:00 +0000,USD,198.52,,https://l.facebook.com/
#1273,paid,2026-05-08 12:00:00 +0000,USD,79.39,,
#1274,paid,2026-05-08 12:00:00 +0000,USD,139.13,,https://l.facebook.com/
#1275,paid,2026-05-08 12:00:00 +0000,USD,91.38,,
#1276,paid,2026-05-08 12:00:00 +0000,USD,116.67,,https://www.google.com/
#1277,paid,2026-05-08 12:00:00 +0000,USD,177.61,,https://www.google.com/
#1278,paid,2026-05-08 12:00:00 +0000,USD,116.47,,https://l.facebook.com/
#1279,paid,2026-05-08 12:00:00 +0000,USD,128.34,,https://l.facebook.com/
#1280,paid,2026-05-08 12:00:00 +0000,USD,161.5,,https://l.facebook.com/
#1281,paid,2026-05-08 12:00:00 +0000,USD,153.4,,https://l.facebook.com/
#1282,paid,2026-05-09 12:00:00 +0000,USD,108.94,,https://l.facebook.com/
#1283,paid,2026-05-09 12:00:00 +0000,USD,153.62,,
#1284,paid,2026-05-09 12:00:00 +0000,USD,117.1,,
#1285,paid,2026-05-09 12:00:00 +0000,USD,80.82,,https://l.facebook.com/
#1286,paid,2026-05-09 12:00:00 +0000,USD,90.67,,https://l.facebook.com/
#1287,paid,2026-05-09 12:00:00 +0000,USD,101.99,,https://www.google.com/
#1288,paid,2026-05-09 12:00:00 +0000,USD,111.46,,https://l.facebook.com/
#1289,paid,2026-05-09 12:00:00 +0000,USD,126.2,,https://l.facebook.com/
#1290,paid,2026-05-09 12:00:00 +0000,USD,164.33,,https://www.google.com/
#1291,paid,2026-05-09 12:00:00 +0000,USD,167.07,,https://l.facebook.com/
#1292,paid,2026-05-09 12:00:00 +0000,USD,195.45,,
#1293,paid,2026-05-09 12:00:00 +0000,USD,151.4,,
#1294,refunded,2026-05-09 12:00:00 +0000,USD,124.46,124.46,https://l.facebook.com/
#1295,paid,2026-05-09 12:00:00 +0000,USD,81.35,,https://l.facebook.com/
#1296,paid,2026-05-09 12:00:00 +0000,USD,87.12,,https://www.google.com/
#1297,paid,2026-05-09 12:00:00 +0000,USD,195.43,,https://l.facebook.com/
#1298,paid,2026-05-09 12:00:00 +0000,USD,137.6,,https://www.google.com/
#1299,paid,2026-05-09 12:00:00 +0000,USD,193.85,,
#1300,paid,2026-05-09 12:00:00 +0000,USD,116.06,,https://www.google.com/
#1301,paid,2026-05-09 12:00:00 +0000,USD,159.72,,https://l.facebook.com/
#1302,paid,2026-05-09 12:00:00 +0000,USD,196.66,,https://l.facebook.com/
#1303,refunded,2026-05-09 12:00:00 +0000,USD,83.1,83.1,https://l.facebook.com/
#1304,paid,2026-05-09 12:00:00 +0000,USD,182.08,,https://l.facebook.com/
#1305,paid,2026-05-09 12:00:00 +0000,USD,150.01,,https://l.facebook.com/
#1306,paid,2026-05-09 12:00:00 +0000,USD,90.97,,
#1307,paid,2026-05-09 12:00:00 +0000,USD,140.85,,https://l.facebook.com/
#1308,paid,2026-05-09 12:00:00 +0000,USD,100.25,,https://l.facebook.com/
#1309,paid,2026-05-09 12:00:00 +0000,USD,97.11,,https://www.google.com/
#1310,refunded,2026-05-09 12:00:00 +0000,USD,179.67,179.67,https://l.facebook.com/
#1311,paid,2026-05-09 12:00:00 +0000,USD,164.96,,
#1312,paid,2026-05-09 12:00:00 +0000,USD,168.44,,https://l.facebook.com/
#1313,paid,2026-05-09 12:00:00 +0000,USD,174.96,,https://www.google.com/
#1314,paid,2026-05-09 12:00:00 +0000,USD,108.53,,https://www.google.com/
#1315,paid,2026-05-09 12:00:00 +0000,USD,77.39,,https://www.google.com/
#1316,paid,2026-05-09 12:00:00 +0000,USD,197.62,,
#1317,paid,2026-05-09 12:00:00 +0000,USD,147.22,,https://l.facebook.com/
#1318,paid,2026-05-09 12:00:00 +0000,USD,76.24,,https://www.google.com/
#1319,paid,2026-05-09 12:00:00 +0000,USD,175.28,,
#1320,refunded,2026-05-09 12:00:00 +0000,USD,196.57,196.57,
#1321,paid,2026-05-09 12:00:00 +0000,USD,83.86,,https://www.google.com/
#1322,paid,2026-05-09 12:00:00 +0000,USD,181.04,,
#1323,paid,2026-05-10 12:00:00 +0000,USD,157.07,,
#1324,paid,2026-05-10 12:00:00 +0000,USD,139.14,,https://www.google.com/
#1325,paid,2026-05-10 12:00:00 +0000,USD,190.93,,https://l.facebook.com/
#1326,paid,2026-05-10 12:00:00 +0000,USD,198.55,,
#1327,refunded,2026-05-10 12:00:00 +0000,USD,142.09,142.09,
#1328,paid,2026-05-10 12:00:00 +0000,USD,149.3,,https://l.facebook.com/
#1329,paid,2026-05-10 12:00:00 +0000,USD,137.36,,https://l.facebook.com/
#1330,paid,2026-05-10 12:00:00 +0000,USD,89.92,,
#1331,paid,2026-05-10 12:00:00 +0000,USD,109.9,,https://www.google.com/
#1332,paid,2026-05-10 12:00:00 +0000,USD,167.03,,https://l.facebook.com/
#1333,paid,2026-05-10 12:00:00 +0000,USD,152.45,,https://l.facebook.com/
#1334,paid,2026-05-10 12:00:00 +0000,USD,88.77,,https://www.google.com/
#1335,paid,2026-05-10 12:00:00 +0000,USD,82.54,,https://www.google.com/
#1336,paid,2026-05-10 12:00:00 +0000,USD,180.83,,
#1337,paid,2026-05-10 12:00:00 +0000,USD,129.76,,https://l.facebook.com/
#1338,paid,2026-05-10 12:00:00 +0000,USD,127.02,,https://l.facebook.com/
#1339,paid,2026-05-10 12:00:00 +0000,USD,151.88,,
#1340,paid,2026-05-10 12:00:00 +0000,USD,176.59,,https://www.google.com/
#1341,paid,2026-05-10 12:00:00 +0000,USD,120.68,,
#1342,paid,2026-05-10 12:00:00 +0000,USD,136.1,,https://l.facebook.com/
#1343,paid,2026-05-10 12:00:00 +0000,USD,116.1,,
#1344,paid,2026-05-10 12:00:00 +0000,USD,192.8,,https://l.facebook.com/
#1345,paid,2026-05-10 12:00:00 +0000,USD,150.6,,
#1346,paid,2026-05-10 12:00:00 +0000,USD,156.93,,https://l.facebook.com/
#1347,paid,2026-05-10 12:00:00 +0000,USD,117.64,,
#1348,paid,2026-05-10 12:00:00 +0000,USD,175.93,,https://www.google.com/
#1349,paid,2026-05-10 12:00:00 +0000,USD,157.11,,https://l.facebook.com/
#1350,paid,2026-05-10 12:00:00 +0000,USD,110.18,,https://l.facebook.com/
#1351,paid,2026-05-10 12:00:00 +0000,USD,117.02,,https://l.facebook.com/
#1352,paid,2026-05-10 12:00:00 +0000,USD,161.3,,https://www.google.com/
#1353,paid,2026-05-10 12:00:00 +0000,USD,95.24,,
#1354,paid,2026-05-10 12:00:00 +0000,USD,83.1,,https://l.facebook.com/
#1355,paid,2026-05-10 12:00:00 +0000,USD,180.58,,https://www.google.com/
#1356,paid,2026-05-10 12:00:00 +0000,USD,198.5,,
#1357,paid,2026-05-10 12:00:00 +0000,USD,147.05,,
#1358,paid,2026-05-10 12:00:00 +0000,USD,97.87,,https://l.facebook.com/
#1359,paid,2026-05-10 12:00:00 +0000,USD,81.57,,
#1360,paid,2026-05-10 12:00:00 +0000,USD,161.2,,https://l.facebook.com/
#1361,paid,2026-05-10 12:00:00 +0000,USD,111.94,,
#1362,paid,2026-05-10 12:00:00 +0000,USD,193.09,,https://l.facebook.com/
#1363,paid,2026-05-10 12:00:00 +0000,USD,108.08,,https://www.google.com/
#1364,paid,2026-05-11 12:00:00 +0000,USD,193.44,,https://l.facebook.com/
#1365,paid,2026-05-11 12:00:00 +0000,USD,86.77,,https://l.facebook.com/
#1366,paid,2026-05-11 12:00:00 +0000,USD,100.97,,
#1367,paid,2026-05-11 12:00:00 +0000,USD,161.57,,https://l.facebook.com/
#1368,paid,2026-05-11 12:00:00 +0000,USD,147.72,,
#1369,paid,2026-05-11 12:00:00 +0000,USD,92.12,,https://l.facebook.com/
#1370,refunded,2026-05-11 12:00:00 +0000,USD,134.2,134.2,
#1371,paid,2026-05-11 12:00:00 +0000,USD,141.38,,
#1372,paid,2026-05-11 12:00:00 +0000,USD,187.42,,https://www.google.com/
#1373,paid,2026-05-11 12:00:00 +0000,USD,94.95,,https://www.google.com/
#1374,paid,2026-05-11 12:00:00 +0000,USD,102.23,,
#1375,paid,2026-05-11 12:00:00 +0000,USD,114.71,,https://l.facebook.com/
#1376,paid,2026-05-11 12:00:00 +0000,USD,138.96,,
#1377,paid,2026-05-11 12:00:00 +0000,USD,82.35,,https://l.facebook.com/
#1378,paid,2026-05-11 12:00:00 +0000,USD,145.93,,https://l.facebook.com/
#1379,paid,2026-05-11 12:00:00 +0000,USD,113.01,,
#1380,paid,2026-05-11 12:00:00 +0000,USD,135.59,,
#1381,paid,2026-05-11 12:00:00 +0000,USD,149.95,,https://l.facebook.com/
#1382,paid,2026-05-11 12:00:00 +0000,USD,165.5,,https://l.facebook.com/
#1383,paid,2026-05-11 12:00:00 +0000,USD,140.96,,https://l.facebook.com/
#1384,paid,2026-05-11 12:00:00 +0000,USD,179.21,,https://www.google.com/
#1385,paid,2026-05-11 12:00:00 +0000,USD,146.09,,https://l.facebook.com/
#1386,paid,2026-05-11 12:00:00 +0000,USD,71.96,,
#1387,paid,2026-05-11 12:00:00 +0000,USD,79.43,,
#1388,paid,2026-05-11 12:00:00 +0000,USD,98.17,,https://l.facebook.com/
#1389,paid,2026-05-11 12:00:00 +0000,USD,154.69,,
#1390,paid,2026-05-11 12:00:00 +0000,USD,106.38,,
#1391,paid,2026-05-11 12:00:00 +0000,USD,136.82,,
#1392,paid,2026-05-11 12:00:00 +0000,USD,89.26,,https://l.facebook.com/
#1393,paid,2026-05-11 12:00:00 +0000,USD,134.68,,https://l.facebook.com/
#1394,paid,2026-05-12 12:00:00 +0000,USD,79.62,,https://l.facebook.com/
#1395,paid,2026-05-12 12:00:00 +0000,USD,159.66,,https://l.facebook.com/
#1396,paid,2026-05-12 12:00:00 +0000,USD,117.93,,https://l.facebook.com/
#1397,paid,2026-05-12 12:00:00 +0000,USD,120.32,,https://l.facebook.com/
#1398,paid,2026-05-12 12:00:00 +0000,USD,83.63,,https://l.facebook.com/
#1399,paid,2026-05-12 12:00:00 +0000,USD,103.75,,https://www.google.com/
#1400,paid,2026-05-12 12:00:00 +0000,USD,85.09,,https://l.facebook.com/
#1401,paid,2026-05-12 12:00:00 +0000,USD,147.09,,https://www.google.com/
#1402,paid,2026-05-12 12:00:00 +0000,USD,198.78,,https://l.facebook.com/
#1403,paid,2026-05-12 12:00:00 +0000,USD,99.16,,https://www.google.com/
#1404,paid,2026-05-12 12:00:00 +0000,USD,166.33,,
#1405,paid,2026-05-12 12:00:00 +0000,USD,97.39,,
#1406,paid,2026-05-12 12:00:00 +0000,USD,156.46,,
#1407,paid,2026-05-12 12:00:00 +0000,USD,151.58,,
#1408,refunded,2026-05-12 12:00:00 +0000,USD,168.4,168.4,
#1409,paid,2026-05-12 12:00:00 +0000,USD,91.29,,https://l.facebook.com/
#1410,paid,2026-05-12 12:00:00 +0000,USD,75.67,,https://l.facebook.com/
#1411,paid,2026-05-12 12:00:00 +0000,USD,107.3,,https://l.facebook.com/
#1412,paid,2026-05-12 12:00:00 +0000,USD,78.64,,https://l.facebook.com/
#1413,paid,2026-05-12 12:00:00 +0000,USD,155.87,,https://l.facebook.com/
#1414,paid,2026-05-12 12:00:00 +0000,USD,105.6,,
#1415,paid,2026-05-12 12:00:00 +0000,USD,74.41,,https://l.facebook.com/
#1416,paid,2026-05-12 12:00:00 +0000,USD,81.78,,
#1417,paid,2026-05-12 12:00:00 +0000,USD,137.01,,
#1418,paid,2026-05-12 12:00:00 +0000,USD,145.05,,https://l.facebook.com/
#1419,paid,2026-05-12 12:00:00 +0000,USD,115.06,,https://www.google.com/
#1420,paid,2026-05-12 12:00:00 +0000,USD,83.16,,https://l.facebook.com/
#1421,paid,2026-05-12 12:00:00 +0000,USD,123.35,,https://l.facebook.com/
#1422,paid,2026-05-12 12:00:00 +0000,USD,128.93,,
#1423,paid,2026-05-12 12:00:00 +0000,USD,108.05,,https://l.facebook.com/
#1424,paid,2026-05-12 12:00:00 +0000,USD,118.49,,https://l.facebook.com/
#1425,paid,2026-05-12 12:00:00 +0000,USD,180.25,,https://www.google.com/
#1426,paid,2026-05-12 12:00:00 +0000,USD,86.92,,https://l.facebook.com/
#1427,paid,2026-05-12 12:00:00 +0000,USD,137.97,,
#1428,paid,2026-05-12 12:00:00 +0000,USD,73.48,,https://www.google.com/
#1429,paid,2026-05-12 12:00:00 +0000,USD,150.19,,https://l.facebook.com/
#1430,paid,2026-05-12 12:00:00 +0000,USD,140.32,,https://www.google.com/
#1431,paid,2026-05-12 12:00:00 +0000,USD,180.86,,
#1432,paid,2026-05-12 12:00:00 +0000,USD,134.3,,https://l.facebook.com/
#1433,paid,2026-05-12 12:00:00 +0000,USD,84.12,,https://www.google.com/
#1434,paid,2026-05-12 12:00:00 +0000,USD,130.37,,https://l.facebook.com/
#1435,paid,2026-05-13 12:00:00 +0000,USD,173.66,,https://l.facebook.com/
#1436,paid,2026-05-13 12:00:00 +0000,USD,153.47,,
#1437,paid,2026-05-13 12:00:00 +0000,USD,142.49,,https://www.google.com/
#1438,paid,2026-05-13 12:00:00 +0000,USD,158.24,,https://l.facebook.com/
#1439,paid,2026-05-13 12:00:00 +0000,USD,121.39,,
#1440,paid,2026-05-13 12:00:00 +0000,USD,114.41,,https://www.google.com/
#1441,paid,2026-05-13 12:00:00 +0000,USD,71.73,,https://l.facebook.com/
#1442,paid,2026-05-13 12:00:00 +0000,USD,143.39,,https://www.google.com/
#1443,paid,2026-05-13 12:00:00 +0000,USD,79.01,,https://www.google.com/
#1444,paid,2026-05-13 12:00:00 +0000,USD,148.21,,
#1445,paid,2026-05-13 12:00:00 +0000,USD,74.22,,https://l.facebook.com/
#1446,refunded,2026-05-13 12:00:00 +0000,USD,142.86,142.86,https://www.google.com/
#1447,paid,2026-05-13 12:00:00 +0000,USD,80.61,,https://l.facebook.com/
#1448,paid,2026-05-13 12:00:00 +0000,USD,79.87,,
#1449,paid,2026-05-13 12:00:00 +0000,USD,76.76,,
#1450,paid,2026-05-13 12:00:00 +0000,USD,151.45,,https://www.google.com/
#1451,paid,2026-05-13 12:00:00 +0000,USD,174.29,,https://l.facebook.com/
#1452,paid,2026-05-13 12:00:00 +0000,USD,87.06,,https://l.facebook.com/
#1453,paid,2026-05-13 12:00:00 +0000,USD,146.56,,https://l.facebook.com/
#1454,paid,2026-05-13 12:00:00 +0000,USD,195.67,,https://www.google.com/
#1455,paid,2026-05-13 12:00:00 +0000,USD,151.49,,
#1456,paid,2026-05-13 12:00:00 +0000,USD,119.38,,https://www.google.com/
#1457,paid,2026-05-13 12:00:00 +0000,USD,192.38,,https://l.facebook.com/
#1458,paid,2026-05-13 12:00:00 +0000,USD,112.01,,
#1459,paid,2026-05-13 12:00:00 +0000,USD,154.4,,https://l.facebook.com/
#1460,paid,2026-05-13 12:00:00 +0000,USD,130.06,,https://l.facebook.com/
#1461,paid,2026-05-13 12:00:00 +0000,USD,76.15,,
#1462,paid,2026-05-13 12:00:00 +0000,USD,146.44,,
#1463,paid,2026-05-13 12:00:00 +0000,USD,146.17,,
#1464,paid,2026-05-13 12:00:00 +0000,USD,73.14,,https://l.facebook.com/
#1465,paid,2026-05-13 12:00:00 +0000,USD,174.03,,https://l.facebook.com/
#1466,paid,2026-05-13 12:00:00 +0000,USD,117.32,,https://l.facebook.com/
#1467,paid,2026-05-13 12:00:00 +0000,USD,153.13,,
#1468,paid,2026-05-13 12:00:00 +0000,USD,186.88,,https://www.google.com/
#1469,paid,2026-05-13 12:00:00 +0000,USD,198.96,,https://l.facebook.com/
#1470,paid,2026-05-13 12:00:00 +0000,USD,82.19,,
#1471,paid,2026-05-14 12:00:00 +0000,USD,78.13,,https://l.facebook.com/
#1472,paid,2026-05-14 12:00:00 +0000,USD,78.16,,https://l.facebook.com/
#1473,paid,2026-05-14 12:00:00 +0000,USD,177.68,,https://l.facebook.com/
#1474,paid,2026-05-14 12:00:00 +0000,USD,155.85,,
#1475,paid,2026-05-14 12:00:00 +0000,USD,112.56,,https://www.google.com/
#1476,paid,2026-05-14 12:00:00 +0000,USD,195.97,,https://l.facebook.com/
#1477,paid,2026-05-14 12:00:00 +0000,USD,116.03,,
#1478,paid,2026-05-14 12:00:00 +0000,USD,197.0,,https://l.facebook.com/
#1479,paid,2026-05-14 12:00:00 +0000,USD,167.37,,https://l.facebook.com/
#1480,paid,2026-05-14 12:00:00 +0000,USD,161.1,,
#1481,paid,2026-05-14 12:00:00 +0000,USD,71.98,,https://l.facebook.com/
#1482,refunded,2026-05-14 12:00:00 +0000,USD,165.75,165.75,
#1483,paid,2026-05-14 12:00:00 +0000,USD,175.04,,
#1484,paid,2026-05-14 12:00:00 +0000,USD,191.64,,https://l.facebook.com/
#1485,paid,2026-05-14 12:00:00 +0000,USD,168.75,,https://www.google.com/
#1486,paid,2026-05-14 12:00:00 +0000,USD,99.53,,
#1487,paid,2026-05-14 12:00:00 +0000,USD,154.59,,
#1488,paid,2026-05-14 12:00:00 +0000,USD,93.28,,
#1489,paid,2026-05-14 12:00:00 +0000,USD,151.08,,https://l.facebook.com/
#1490,paid,2026-05-14 12:00:00 +0000,USD,187.51,,
#1491,paid,2026-05-14 12:00:00 +0000,USD,90.28,,
#1492,paid,2026-05-14 12:00:00 +0000,USD,162.78,,https://www.google.com/
#1493,paid,2026-05-14 12:00:00 +0000,USD,156.8,,https://www.google.com/
#1494,paid,2026-05-14 12:00:00 +0000,USD,178.67,,https://www.google.com/
#1495,paid,2026-05-14 12:00:00 +0000,USD,198.62,,https://l.facebook.com/
#1496,paid,2026-05-14 12:00:00 +0000,USD,73.48,,
#1497,refunded,2026-05-14 12:00:00 +0000,USD,176.88,176.88,https://l.facebook.com/
#1498,paid,2026-05-14 12:00:00 +0000,USD,165.47,,
#1499,paid,2026-05-14 12:00:00 +0000,USD,132.12,,https://l.facebook.com/
#1500,paid,2026-05-14 12:00:00 +0000,USD,141.26,,
#1501,paid,2026-05-14 12:00:00 +0000,USD,118.04,,https://l.facebook.com/
#1502,paid,2026-05-14 12:00:00 +0000,USD,149.69,,https://www.google.com/
#1503,paid,2026-05-14 12:00:00 +0000,USD,153.99,,https://www.google.com/
#1504,paid,2026-05-14 12:00:00 +0000,USD,89.57,,https://www.google.com/
#1505,refunded,2026-05-14 12:00:00 +0000,USD,71.68,71.68,https://www.google.com/
#1506,paid,2026-05-14 12:00:00 +0000,USD,172.96,,
#1507,paid,2026-05-15 12:00:00 +0000,USD,133.6,,https://l.facebook.com/
#1508,paid,2026-05-15 12:00:00 +0000,USD,149.07,,https://www.google.com/
#1509,paid,2026-05-15 12:00:00 +0000,USD,85.14,,https://l.facebook.com/
#1510,paid,2026-05-15 12:00:00 +0000,USD,129.81,,
#1511,paid,2026-05-15 12:00:00 +0000,USD,145.18,,https://l.facebook.com/
#1512,paid,2026-05-15 12:00:00 +0000,USD,144.45,,
#1513,paid,2026-05-15 12:00:00 +0000,USD,182.1,,https://l.facebook.com/
#1514,paid,2026-05-15 12:00:00 +0000,USD,174.15,,
#1515,paid,2026-05-15 12:00:00 +0000,USD,167.34,,https://l.facebook.com/
#1516,paid,2026-05-15 12:00:00 +0000,USD,150.88,,https://www.google.com/
#1517,paid,2026-05-15 12:00:00 +0000,USD,85.76,,
#1518,paid,2026-05-15 12:00:00 +0000,USD,183.04,,https://l.facebook.com/
#1519,paid,2026-05-15 12:00:00 +0000,USD,184.39,,https://l.facebook.com/
#1520,paid,2026-05-15 12:00:00 +0000,USD,161.61,,
#1521,paid,2026-05-15 12:00:00 +0000,USD,95.69,,https://www.google.com/
#1522,paid,2026-05-15 12:00:00 +0000,USD,105.79,,
#1523,paid,2026-05-15 12:00:00 +0000,USD,176.06,,
#1524,paid,2026-05-15 12:00:00 +0000,USD,183.7,,
#1525,paid,2026-05-15 12:00:00 +0000,USD,184.98,,https://l.facebook.com/
#1526,paid,2026-05-15 12:00:00 +0000,USD,95.14,,https://l.facebook.com/
#1527,paid,2026-05-15 12:00:00 +0000,USD,197.91,,https://l.facebook.com/
#1528,paid,2026-05-15 12:00:00 +0000,USD,191.27,,https://l.facebook.com/
#1529,paid,2026-05-15 12:00:00 +0000,USD,197.26,,https://www.google.com/
#1530,paid,2026-05-15 12:00:00 +0000,USD,87.75,,https://l.facebook.com/
#1531,paid,2026-05-15 12:00:00 +0000,USD,182.69,,https://www.google.com/
#1532,paid,2026-05-15 12:00:00 +0000,USD,138.05,,
#1533,paid,2026-05-15 12:00:00 +0000,USD,151.09,,https://l.facebook.com/
#1534,paid,2026-05-15 12:00:00 +0000,USD,109.59,,https://www.google.com/
#1535,paid,2026-05-15 12:00:00 +0000,USD,103.57,,
#1536,paid,2026-05-15 12:00:00 +0000,USD,193.27,,https://l.facebook.com/
#1537,paid,2026-05-15 12:00:00 +0000,USD,121.61,,https://l.facebook.com/
#1538,paid,2026-05-15 12:00:00 +0000,USD,155.05,,https://www.google.com/
#1539,paid,2026-05-16 12:00:00 +0000,USD,140.98,,https://www.google.com/
#1540,paid,2026-05-16 12:00:00 +0000,USD,168.85,,
#1541,refunded,2026-05-16 12:00:00 +0000,USD,120.51,120.51,
#1542,paid,2026-05-16 12:00:00 +0000,USD,102.32,,https://www.google.com/
#1543,paid,2026-05-16 12:00:00 +0000,USD,77.84,,
#1544,paid,2026-05-16 12:00:00 +0000,USD,127.9,,
#1545,paid,2026-05-16 12:00:00 +0000,USD,121.49,,
#1546,paid,2026-05-16 12:00:00 +0000,USD,161.08,,
#1547,paid,2026-05-16 12:00:00 +0000,USD,173.04,,https://l.facebook.com/
#1548,paid,2026-05-16 12:00:00 +0000,USD,178.56,,https://www.google.com/
#1549,paid,2026-05-16 12:00:00 +0000,USD,122.07,,https://www.google.com/
#1550,paid,2026-05-16 12:00:00 +0000,USD,103.47,,https://www.google.com/
#1551,paid,2026-05-16 12:00:00 +0000,USD,170.92,,https://l.facebook.com/
#1552,paid,2026-05-16 12:00:00 +0000,USD,93.71,,https://l.facebook.com/
#1553,paid,2026-05-16 12:00:00 +0000,USD,194.92,,
#1554,paid,2026-05-16 12:00:00 +0000,USD,74.03,,https://l.facebook.com/
#1555,paid,2026-05-16 12:00:00 +0000,USD,151.48,,
#1556,paid,2026-05-16 12:00:00 +0000,USD,149.69,,
#1557,paid,2026-05-16 12:00:00 +0000,USD,100.21,,https://l.facebook.com/
#1558,paid,2026-05-16 12:00:00 +0000,USD,133.24,,https://l.facebook.com/
#1559,paid,2026-05-16 12:00:00 +0000,USD,184.04,,https://l.facebook.com/
#1560,paid,2026-05-16 12:00:00 +0000,USD,143.36,,https://l.facebook.com/
#1561,paid,2026-05-16 12:00:00 +0000,USD,139.69,,https://www.google.com/
#1562,paid,2026-05-16 12:00:00 +0000,USD,109.23,,https://l.facebook.com/
#1563,paid,2026-05-16 12:00:00 +0000,USD,89.79,,https://l.facebook.com/
#1564,paid,2026-05-16 12:00:00 +0000,USD,164.09,,https://l.facebook.com/
#1565,paid,2026-05-16 12:00:00 +0000,USD,196.69,,https://l.facebook.com/
#1566,paid,2026-05-16 12:00:00 +0000,USD,157.87,,https://l.facebook.com/
#1567,paid,2026-05-16 12:00:00 +0000,USD,112.72,,https://www.google.com/
#1568,paid,2026-05-17 12:00:00 +0000,USD,175.71,,https://www.google.com/
#1569,paid,2026-05-17 12:00:00 +0000,USD,122.54,,https://www.google.com/
#1570,paid,2026-05-17 12:00:00 +0000,USD,84.02,,https://www.google.com/
#1571,paid,2026-05-17 12:00:00 +0000,USD,101.78,,
#1572,paid,2026-05-17 12:00:00 +0000,USD,197.72,,
#1573,paid,2026-05-17 12:00:00 +0000,USD,171.45,,https://www.google.com/
#1574,paid,2026-05-17 12:00:00 +0000,USD,123.87,,
#1575,paid,2026-05-17 12:00:00 +0000,USD,184.75,,
#1576,paid,2026-05-17 12:00:00 +0000,USD,126.55,,
#1577,paid,2026-05-17 12:00:00 +0000,USD,88.64,,https://www.google.com/
#1578,paid,2026-05-17 12:00:00 +0000,USD,102.74,,https://www.google.com/
#1579,paid,2026-05-17 12:00:00 +0000,USD,196.76,,https://www.google.com/
#1580,paid,2026-05-17 12:00:00 +0000,USD,152.88,,https://l.facebook.com/
#1581,paid,2026-05-17 12:00:00 +0000,USD,140.48,,https://www.google.com/
#1582,paid,2026-05-17 12:00:00 +0000,USD,136.36,,
#1583,paid,2026-05-17 12:00:00 +0000,USD,123.33,,
#1584,paid,2026-05-17 12:00:00 +0000,USD,127.17,,https://www.google.com/
#1585,paid,2026-05-17 12:00:00 +0000,USD,127.54,,
#1586,paid,2026-05-17 12:00:00 +0000,USD,115.92,,https://l.facebook.com/
#1587,paid,2026-05-17 12:00:00 +0000,USD,128.23,,https://l.facebook.com/
#1588,paid,2026-05-17 12:00:00 +0000,USD,150.79,,
#1589,paid,2026-05-17 12:00:00 +0000,USD,99.06,,https://l.facebook.com/
#1590,paid,2026-05-17 12:00:00 +0000,USD,126.79,,https://l.facebook.com/
#1591,paid,2026-05-17 12:00:00 +0000,USD,126.17,,https://www.google.com/
#1592,paid,2026-05-17 12:00:00 +0000,USD,119.9,,https://l.facebook.com/
#1593,paid,2026-05-17 12:00:00 +0000,USD,135.6,,https://l.facebook.com/
#1594,paid,2026-05-17 12:00:00 +0000,USD,87.5,,
#1595,paid,2026-05-17 12:00:00 +0000,USD,129.67,,https://www.google.com/
#1596,paid,2026-05-17 12:00:00 +0000,USD,114.47,,https://l.facebook.com/
#1597,paid,2026-05-17 12:00:00 +0000,USD,116.77,,
#1598,paid,2026-05-17 12:00:00 +0000,USD,186.57,,
#1599,paid,2026-05-17 12:00:00 +0000,USD,140.13,,https://l.facebook.com/
#1600,paid,2026-05-17 12:00:00 +0000,USD,175.95,,https://l.facebook.com/
#1601,paid,2026-05-17 12:00:00 +0000,USD,182.63,,
#1602,paid,2026-05-17 12:00:00 +0000,USD,190.94,,
#1603,paid,2026-05-17 12:00:00 +0000,USD,136.61,,
#1604,paid,2026-05-17 12:00:00 +0000,USD,149.18,,
#1605,refunded,2026-05-17 12:00:00 +0000,USD,130.05,130.05,https://l.facebook.com/
#1606,paid,2026-05-17 12:00:00 +0000,USD,132.38,,
#1607,paid,2026-05-17 12:00:00 +0000,USD,147.97,,https://www.google.com/
#1608,paid,2026-05-17 12:00:00 +0000,USD,171.06,,https://l.facebook.com/
#1609,paid,2026-05-17 12:00:00 +0000,USD,190.93,,https://l.facebook.com/
#1610,paid,2026-05-18 12:00:00 +0000,USD,122.36,,
#1611,paid,2026-05-18 12:00:00 +0000,USD,125.48,,https://l.facebook.com/
#1612,paid,2026-05-18 12:00:00 +0000,USD,97.35,,
#1613,paid,2026-05-18 12:00:00 +0000,USD,182.07,,https://l.facebook.com/
#1614,paid,2026-05-18 12:00:00 +0000,USD,183.36,,
#1615,paid,2026-05-18 12:00:00 +0000,USD,177.16,,https://l.facebook.com/
#1616,paid,2026-05-18 12:00:00 +0000,USD,94.26,,https://l.facebook.com/
#1617,paid,2026-05-18 12:00:00 +0000,USD,191.53,,
#1618,paid,2026-05-18 12:00:00 +0000,USD,181.16,,https://www.google.com/
#1619,paid,2026-05-18 12:00:00 +0000,USD,118.37,,https://l.facebook.com/
#1620,paid,2026-05-18 12:00:00 +0000,USD,184.25,,https://l.facebook.com/
#1621,paid,2026-05-18 12:00:00 +0000,USD,129.11,,https://l.facebook.com/
#1622,paid,2026-05-18 12:00:00 +0000,USD,83.11,,
#1623,paid,2026-05-18 12:00:00 +0000,USD,158.47,,https://l.facebook.com/
#1624,paid,2026-05-18 12:00:00 +0000,USD,146.23,,
#1625,paid,2026-05-18 12:00:00 +0000,USD,97.13,,https://www.google.com/
#1626,paid,2026-05-18 12:00:00 +0000,USD,169.77,,https://www.google.com/
#1627,paid,2026-05-18 12:00:00 +0000,USD,193.12,,https://l.facebook.com/
#1628,paid,2026-05-18 12:00:00 +0000,USD,155.0,,https://l.facebook.com/
#1629,paid,2026-05-18 12:00:00 +0000,USD,167.73,,https://l.facebook.com/
#1630,paid,2026-05-18 12:00:00 +0000,USD,99.6,,
#1631,paid,2026-05-18 12:00:00 +0000,USD,106.52,,https://l.facebook.com/
#1632,refunded,2026-05-18 12:00:00 +0000,USD,173.85,173.85,https://l.facebook.com/
#1633,paid,2026-05-18 12:00:00 +0000,USD,163.54,,https://l.facebook.com/
#1634,paid,2026-05-18 12:00:00 +0000,USD,136.7,,
#1635,paid,2026-05-18 12:00:00 +0000,USD,181.67,,
#1636,paid,2026-05-18 12:00:00 +0000,USD,94.71,,https://www.google.com/
#1637,paid,2026-05-18 12:00:00 +0000,USD,189.45,,https://www.google.com/
#1638,paid,2026-05-18 12:00:00 +0000,USD,92.49,,https://l.facebook.com/
#1639,paid,2026-05-18 12:00:00 +0000,USD,166.07,,https://l.facebook.com/
#1640,paid,2026-05-18 12:00:00 +0000,USD,154.11,,https://l.facebook.com/
#1641,paid,2026-05-18 12:00:00 +0000,USD,76.68,,
#1642,paid,2026-05-18 12:00:00 +0000,USD,185.23,,https://l.facebook.com/
#1643,paid,2026-05-18 12:00:00 +0000,USD,127.72,,https://www.google.com/
#1644,paid,2026-05-18 12:00:00 +0000,USD,89.67,,
#1645,refunded,2026-05-18 12:00:00 +0000,USD,96.29,96.29,https://www.google.com/
#1646,paid,2026-05-18 12:00:00 +0000,USD,89.05,,https://l.facebook.com/
#1647,paid,2026-05-18 12:00:00 +0000,USD,195.18,,https://www.google.com/
#1648,paid,2026-05-19 12:00:00 +0000,USD,162.29,,https://www.google.com/
#1649,paid,2026-05-19 12:00:00 +0000,USD,150.63,,
#1650,paid,2026-05-19 12:00:00 +0000,USD,161.46,,https://www.google.com/
#1651,paid,2026-05-19 12:00:00 +0000,USD,102.63,,
#1652,paid,2026-05-19 12:00:00 +0000,USD,105.68,,
#1653,paid,2026-05-19 12:00:00 +0000,USD,183.09,,
#1654,paid,2026-05-19 12:00:00 +0000,USD,192.62,,https://l.facebook.com/
#1655,paid,2026-05-19 12:00:00 +0000,USD,88.12,,
#1656,paid,2026-05-19 12:00:00 +0000,USD,184.84,,
#1657,paid,2026-05-19 12:00:00 +0000,USD,80.27,,https://l.facebook.com/
#1658,paid,2026-05-19 12:00:00 +0000,USD,159.24,,https://l.facebook.com/
#1659,paid,2026-05-19 12:00:00 +0000,USD,101.81,,https://l.facebook.com/
#1660,paid,2026-05-19 12:00:00 +0000,USD,101.72,,
#1661,paid,2026-05-19 12:00:00 +0000,USD,141.84,,https://www.google.com/
#1662,paid,2026-05-19 12:00:00 +0000,USD,80.6,,
#1663,paid,2026-05-19 12:00:00 +0000,USD,108.51,,https://l.facebook.com/
#1664,paid,2026-05-19 12:00:00 +0000,USD,100.55,,https://l.facebook.com/
#1665,paid,2026-05-19 12:00:00 +0000,USD,105.6,,https://l.facebook.com/
#1666,paid,2026-05-19 12:00:00 +0000,USD,169.79,,
#1667,paid,2026-05-19 12:00:00 +0000,USD,92.0,,
#1668,paid,2026-05-19 12:00:00 +0000,USD,153.29,,https://l.facebook.com/
#1669,paid,2026-05-19 12:00:00 +0000,USD,93.67,,https://l.facebook.com/
#1670,paid,2026-05-19 12:00:00 +0000,USD,81.92,,
#1671,paid,2026-05-19 12:00:00 +0000,USD,115.11,,https://l.facebook.com/
#1672,paid,2026-05-19 12:00:00 +0000,USD,135.59,,https://l.facebook.com/
#1673,paid,2026-05-19 12:00:00 +0000,USD,140.38,,https://www.google.com/
#1674,paid,2026-05-19 12:00:00 +0000,USD,111.83,,
#1675,paid,2026-05-19 12:00:00 +0000,USD,161.7,,
#1676,paid,2026-05-19 12:00:00 +0000,USD,100.69,,https://l.facebook.com/
#1677,paid,2026-05-19 12:00:00 +0000,USD,105.93,,https://l.facebook.com/
#1678,paid,2026-05-19 12:00:00 +0000,USD,120.09,,
#1679,paid,2026-05-19 12:00:00 +0000,USD,74.52,,https://l.facebook.com/
#1680,paid,2026-05-20 12:00:00 +0000,USD,114.53,,
#1681,paid,2026-05-20 12:00:00 +0000,USD,191.72,,
#1682,paid,2026-05-20 12:00:00 +0000,USD,97.85,,
#1683,paid,2026-05-20 12:00:00 +0000,USD,101.45,,https://l.facebook.com/
#1684,paid,2026-05-20 12:00:00 +0000,USD,119.68,,https://www.google.com/
#1685,paid,2026-05-20 12:00:00 +0000,USD,86.15,,https://l.facebook.com/
#1686,paid,2026-05-20 12:00:00 +0000,USD,185.2,,https://l.facebook.com/
#1687,paid,2026-05-20 12:00:00 +0000,USD,135.98,,https://www.google.com/
#1688,paid,2026-05-20 12:00:00 +0000,USD,181.47,,
#1689,paid,2026-05-20 12:00:00 +0000,USD,190.77,,https://www.google.com/
#1690,paid,2026-05-20 12:00:00 +0000,USD,114.31,,https://l.facebook.com/
#1691,paid,2026-05-20 12:00:00 +0000,USD,145.46,,https://www.google.com/
#1692,paid,2026-05-20 12:00:00 +0000,USD,127.6,,https://www.google.com/
#1693,paid,2026-05-20 12:00:00 +0000,USD,101.0,,
#1694,paid,2026-05-20 12:00:00 +0000,USD,189.43,,https://l.facebook.com/
#1695,paid,2026-05-20 12:00:00 +0000,USD,133.65,,https://www.google.com/
#1696,paid,2026-05-20 12:00:00 +0000,USD,150.67,,https://l.facebook.com/
#1697,paid,2026-05-20 12:00:00 +0000,USD,132.58,,https://www.google.com/
#1698,paid,2026-05-20 12:00:00 +0000,USD,96.33,,https://l.facebook.com/
#1699,paid,2026-05-20 12:00:00 +0000,USD,120.22,,https://l.facebook.com/
#1700,paid,2026-05-20 12:00:00 +0000,USD,172.62,,https://www.google.com/
#1701,paid,2026-05-20 12:00:00 +0000,USD,177.35,,
#1702,paid,2026-05-20 12:00:00 +0000,USD,184.7,,
#1703,paid,2026-05-20 12:00:00 +0000,USD,153.98,,
#1704,paid,2026-05-20 12:00:00 +0000,USD,151.65,,
#1705,paid,2026-05-20 12:00:00 +0000,USD,197.52,,
#1706,paid,2026-05-20 12:00:00 +0000,USD,189.39,,
#1707,paid,2026-05-20 12:00:00 +0000,USD,199.45,,
#1708,paid,2026-05-20 12:00:00 +0000,USD,74.59,,https://www.google.com/
#1709,paid,2026-05-20 12:00:00 +0000,USD,123.32,,https://l.facebook.com/
#1710,paid,2026-05-20 12:00:00 +0000,USD,164.34,,https://l.facebook.com/
#1711,paid,2026-05-20 12:00:00 +0000,USD,176.48,,https://l.facebook.com/
#1712,paid,2026-05-21 12:00:00 +0000,USD,119.62,,
#1713,paid,2026-05-21 12:00:00 +0000,USD,154.74,,https://www.google.com/
#1714,paid,2026-05-21 12:00:00 +0000,USD,159.7,,https://www.google.com/
#1715,paid,2026-05-21 12:00:00 +0000,USD,136.26,,
#1716,paid,2026-05-21 12:00:00 +0000,USD,121.35,,
#1717,paid,2026-05-21 12:00:00 +0000,USD,116.49,,
#1718,paid,2026-05-21 12:00:00 +0000,USD,173.92,,https://l.facebook.com/
#1719,paid,2026-05-21 12:00:00 +0000,USD,195.09,,https://www.google.com/
#1720,paid,2026-05-21 12:00:00 +0000,USD,122.97,,
#1721,paid,2026-05-21 12:00:00 +0000,USD,178.26,,
#1722,paid,2026-05-21 12:00:00 +0000,USD,112.71,,https://www.google.com/
#1723,paid,2026-05-21 12:00:00 +0000,USD,111.83,,https://l.facebook.com/
#1724,paid,2026-05-21 12:00:00 +0000,USD,192.19,,
#1725,paid,2026-05-21 12:00:00 +0000,USD,118.44,,
#1726,paid,2026-05-21 12:00:00 +0000,USD,76.94,,
#1727,paid,2026-05-21 12:00:00 +0000,USD,86.75,,https://l.facebook.com/
#1728,paid,2026-05-21 12:00:00 +0000,USD,113.14,,https://l.facebook.com/
#1729,paid,2026-05-21 12:00:00 +0000,USD,199.16,,https://l.facebook.com/
#1730,paid,2026-05-21 12:00:00 +0000,USD,82.98,,https://www.google.com/
#1731,paid,2026-05-21 12:00:00 +0000,USD,142.47,,https://l.facebook.com/
#1732,paid,2026-05-21 12:00:00 +0000,USD,164.53,,https://l.facebook.com/
#1733,paid,2026-05-21 12:00:00 +0000,USD,181.61,,
#1734,paid,2026-05-21 12:00:00 +0000,USD,145.1,,https://l.facebook.com/
#1735,paid,2026-05-21 12:00:00 +0000,USD,97.07,,
#1736,paid,2026-05-21 12:00:00 +0000,USD,109.72,,
#1737,paid,2026-05-21 12:00:00 +0000,USD,118.7,,https://www.google.com/
#1738,paid,2026-05-21 12:00:00 +0000,USD,161.6,,
#1739,paid,2026-05-21 12:00:00 +0000,USD,77.63,,
#1740,paid,2026-05-21 12:00:00 +0000,USD,131.64,,https://l.facebook.com/
#1741,paid,2026-05-21 12:00:00 +0000,USD,156.45,,https://l.facebook.com/
#1742,paid,2026-05-21 12:00:00 +0000,USD,116.82,,https://www.google.com/
#1743,paid,2026-05-21 12:00:00 +0000,USD,196.84,,
#1744,paid,2026-05-21 12:00:00 +0000,USD,91.19,,https://www.google.com/
#1745,paid,2026-05-21 12:00:00 +0000,USD,110.12,,https://l.facebook.com/
#1746,paid,2026-05-21 12:00:00 +0000,USD,107.65,,https://l.facebook.com/
#1747,paid,2026-05-21 12:00:00 +0000,USD,145.7,,
#1748,paid,2026-05-21 12:00:00 +0000,USD,106.65,,https://l.facebook.com/
#1749,paid,2026-05-22 12:00:00 +0000,USD,181.19,,
#1750,paid,2026-05-22 12:00:00 +0000,USD,78.46,,
#1751,paid,2026-05-22 12:00:00 +0000,USD,79.59,,https://l.facebook.com/
#1752,paid,2026-05-22 12:00:00 +0000,USD,80.74,,https://l.facebook.com/
#1753,paid,2026-05-22 12:00:00 +0000,USD,111.2,,https://l.facebook.com/
#1754,refunded,2026-05-22 12:00:00 +0000,USD,188.38,188.38,
#1755,paid,2026-05-22 12:00:00 +0000,USD,188.09,,https://www.google.com/
#1756,paid,2026-05-22 12:00:00 +0000,USD,87.88,,
#1757,paid,2026-05-22 12:00:00 +0000,USD,98.62,,https://www.google.com/
#1758,paid,2026-05-22 12:00:00 +0000,USD,104.39,,https://www.google.com/
#1759,paid,2026-05-22 12:00:00 +0000,USD,192.85,,https://l.facebook.com/
#1760,paid,2026-05-22 12:00:00 +0000,USD,185.37,,https://l.facebook.com/
#1761,paid,2026-05-22 12:00:00 +0000,USD,104.04,,https://www.google.com/
#1762,paid,2026-05-22 12:00:00 +0000,USD,118.76,,
#1763,paid,2026-05-22 12:00:00 +0000,USD,97.0,,
#1764,paid,2026-05-22 12:00:00 +0000,USD,114.55,,https://www.google.com/
#1765,paid,2026-05-22 12:00:00 +0000,USD,172.41,,https://www.google.com/
#1766,paid,2026-05-22 12:00:00 +0000,USD,116.65,,https://l.facebook.com/
#1767,paid,2026-05-22 12:00:00 +0000,USD,155.4,,https://l.facebook.com/
#1768,paid,2026-05-22 12:00:00 +0000,USD,76.89,,https://www.google.com/
#1769,paid,2026-05-22 12:00:00 +0000,USD,99.82,,https://www.google.com/
#1770,refunded,2026-05-22 12:00:00 +0000,USD,130.34,130.34,https://www.google.com/
#1771,paid,2026-05-22 12:00:00 +0000,USD,79.45,,https://www.google.com/
#1772,paid,2026-05-22 12:00:00 +0000,USD,88.9,,https://www.google.com/
#1773,paid,2026-05-22 12:00:00 +0000,USD,105.98,,https://l.facebook.com/
#1774,paid,2026-05-22 12:00:00 +0000,USD,172.33,,https://l.facebook.com/
#1775,paid,2026-05-22 12:00:00 +0000,USD,187.13,,https://l.facebook.com/
#1776,paid,2026-05-22 12:00:00 +0000,USD,94.68,,https://www.google.com/
#1777,paid,2026-05-22 12:00:00 +0000,USD,169.97,,
#1778,paid,2026-05-22 12:00:00 +0000,USD,147.97,,https://www.google.com/
#1779,paid,2026-05-22 12:00:00 +0000,USD,145.61,,
#1780,paid,2026-05-22 12:00:00 +0000,USD,199.07,,https://www.google.com/
#1781,paid,2026-05-22 12:00:00 +0000,USD,117.45,,https://www.google.com/
#1782,paid,2026-05-22 12:00:00 +0000,USD,138.93,,
#1783,paid,2026-05-22 12:00:00 +0000,USD,87.68,,
#1784,paid,2026-05-22 12:00:00 +0000,USD,88.78,,https://l.facebook.com/
#1785,paid,2026-05-22 12:00:00 +0000,USD,120.48,,https://l.facebook.com/
#1786,paid,2026-05-23 12:00:00 +0000,USD,157.73,,https://l.facebook.com/
#1787,paid,2026-05-23 12:00:00 +0000,USD,88.65,,https://www.google.com/
#1788,paid,2026-05-23 12:00:00 +0000,USD,148.95,,https://www.google.com/
#1789,paid,2026-05-23 12:00:00 +0000,USD,117.04,,https://www.google.com/
#1790,paid,2026-05-23 12:00:00 +0000,USD,96.29,,https://l.facebook.com/
#1791,paid,2026-05-23 12:00:00 +0000,USD,78.86,,https://l.facebook.com/
#1792,paid,2026-05-23 12:00:00 +0000,USD,138.46,,https://www.google.com/
#1793,paid,2026-05-23 12:00:00 +0000,USD,174.27,,
#1794,paid,2026-05-23 12:00:00 +0000,USD,197.22,,
#1795,paid,2026-05-23 12:00:00 +0000,USD,114.53,,
#1796,paid,2026-05-23 12:00:00 +0000,USD,81.14,,
#1797,paid,2026-05-23 12:00:00 +0000,USD,151.03,,https://l.facebook.com/
#1798,paid,2026-05-23 12:00:00 +0000,USD,84.16,,
#1799,paid,2026-05-23 12:00:00 +0000,USD,186.04,,https://l.facebook.com/
#1800,paid,2026-05-23 12:00:00 +0000,USD,110.91,,
#1801,paid,2026-05-23 12:00:00 +0000,USD,185.23,,https://l.facebook.com/
#1802,paid,2026-05-23 12:00:00 +0000,USD,103.76,,
#1803,paid,2026-05-23 12:00:00 +0000,USD,193.24,,
#1804,paid,2026-05-23 12:00:00 +0000,USD,166.72,,https://l.facebook.com/
#1805,paid,2026-05-23 12:00:00 +0000,USD,164.25,,https://l.facebook.com/
#1806,paid,2026-05-23 12:00:00 +0000,USD,133.88,,
#1807,paid,2026-05-23 12:00:00 +0000,USD,100.22,,https://l.facebook.com/
#1808,paid,2026-05-23 12:00:00 +0000,USD,96.5,,https://l.facebook.com/
#1809,paid,2026-05-23 12:00:00 +0000,USD,130.78,,https://l.facebook.com/
#1810,paid,2026-05-23 12:00:00 +0000,USD,179.1,,
#1811,paid,2026-05-23 12:00:00 +0000,USD,93.76,,https://l.facebook.com/
#1812,paid,2026-05-23 12:00:00 +0000,USD,77.32,,https://www.google.com/
#1813,paid,2026-05-23 12:00:00 +0000,USD,88.23,,
#1814,paid,2026-05-23 12:00:00 +0000,USD,167.84,,https://l.facebook.com/
#1815,paid,2026-05-23 12:00:00 +0000,USD,184.6,,
#1816,paid,2026-05-23 12:00:00 +0000,USD,126.29,,https://www.google.com/
#1817,paid,2026-05-23 12:00:00 +0000,USD,104.32,,https://www.google.com/
#1818,paid,2026-05-23 12:00:00 +0000,USD,169.62,,
#1819,paid,2026-05-24 12:00:00 +0000,USD,152.38,,https://l.facebook.com/
#1820,paid,2026-05-24 12:00:00 +0000,USD,184.8,,
#1821,paid,2026-05-24 12:00:00 +0000,USD,163.64,,https://l.facebook.com/
#1822,paid,2026-05-24 12:00:00 +0000,USD,102.86,,https://l.facebook.com/
#1823,paid,2026-05-24 12:00:00 +0000,USD,196.38,,https://l.facebook.com/
#1824,paid,2026-05-24 12:00:00 +0000,USD,123.67,,https://l.facebook.com/
#1825,paid,2026-05-24 12:00:00 +0000,USD,80.04,,
#1826,paid,2026-05-24 12:00:00 +0000,USD,141.38,,https://l.facebook.com/
#1827,paid,2026-05-24 12:00:00 +0000,USD,156.66,,
#1828,paid,2026-05-24 12:00:00 +0000,USD,94.94,,https://l.facebook.com/
#1829,paid,2026-05-24 12:00:00 +0000,USD,130.67,,https://www.google.com/
#1830,paid,2026-05-24 12:00:00 +0000,USD,131.42,,
#1831,paid,2026-05-24 12:00:00 +0000,USD,119.08,,https://www.google.com/
#1832,paid,2026-05-24 12:00:00 +0000,USD,106.17,,https://www.google.com/
#1833,refunded,2026-05-24 12:00:00 +0000,USD,71.65,71.65,https://www.google.com/
#1834,paid,2026-05-24 12:00:00 +0000,USD,132.7,,https://l.facebook.com/
#1835,paid,2026-05-24 12:00:00 +0000,USD,150.93,,https://www.google.com/
#1836,paid,2026-05-24 12:00:00 +0000,USD,79.27,,https://l.facebook.com/
#1837,paid,2026-05-24 12:00:00 +0000,USD,139.81,,https://www.google.com/
#1838,paid,2026-05-24 12:00:00 +0000,USD,193.37,,https://l.facebook.com/
#1839,paid,2026-05-24 12:00:00 +0000,USD,198.01,,https://l.facebook.com/
#1840,paid,2026-05-24 12:00:00 +0000,USD,144.0,,
#1841,paid,2026-05-24 12:00:00 +0000,USD,147.42,,https://l.facebook.com/
#1842,paid,2026-05-24 12:00:00 +0000,USD,148.41,,https://l.facebook.com/
#1843,paid,2026-05-24 12:00:00 +0000,USD,86.96,,https://www.google.com/
#1844,paid,2026-05-24 12:00:00 +0000,USD,100.19,,https://www.google.com/
#1845,paid,2026-05-24 12:00:00 +0000,USD,159.92,,
#1846,paid,2026-05-24 12:00:00 +0000,USD,91.2,,https://www.google.com/
#1847,paid,2026-05-24 12:00:00 +0000,USD,134.2,,https://www.google.com/
#1848,paid,2026-05-24 12:00:00 +0000,USD,122.78,,https://l.facebook.com/
#1849,paid,2026-05-24 12:00:00 +0000,USD,176.74,,
#1850,paid,2026-05-24 12:00:00 +0000,USD,136.94,,https://l.facebook.com/
#1851,paid,2026-05-24 12:00:00 +0000,USD,134.92,,
#1852,paid,2026-05-24 12:00:00 +0000,USD,142.5,,https://l.facebook.com/
#1853,paid,2026-05-24 12:00:00 +0000,USD,118.13,,https://www.google.com/
#1854,paid,2026-05-24 12:00:00 +0000,USD,122.99,,https://l.facebook.com/
#1855,paid,2026-05-24 12:00:00 +0000,USD,94.56,,https://l.facebook.com/
#1856,paid,2026-05-24 12:00:00 +0000,USD,173.69,,
#1857,paid,2026-05-24 12:00:00 +0000,USD,131.96,,https://l.facebook.com/
#1858,paid,2026-05-24 12:00:00 +0000,USD,171.77,,
#1859,paid,2026-05-24 12:00:00 +0000,USD,125.29,,
#1860,paid,2026-05-25 12:00:00 +0000,USD,163.1,,
#1861,paid,2026-05-25 12:00:00 +0000,USD,145.3,,https://l.facebook.com/
#1862,paid,2026-05-25 12:00:00 +0000,USD,190.22,,
#1863,paid,2026-05-25 12:00:00 +0000,USD,168.08,,
#1864,paid,2026-05-25 12:00:00 +0000,USD,106.65,,
#1865,paid,2026-05-25 12:00:00 +0000,USD,158.08,,
#1866,paid,2026-05-25 12:00:00 +0000,USD,150.18,,https://l.facebook.com/
#1867,paid,2026-05-25 12:00:00 +0000,USD,106.87,,https://www.google.com/
#1868,paid,2026-05-25 12:00:00 +0000,USD,118.35,,
#1869,paid,2026-05-25 12:00:00 +0000,USD,130.16,,
#1870,paid,2026-05-25 12:00:00 +0000,USD,132.9,,https://l.facebook.com/
#1871,paid,2026-05-25 12:00:00 +0000,USD,92.84,,https://l.facebook.com/
#1872,paid,2026-05-25 12:00:00 +0000,USD,193.99,,https://www.google.com/
#1873,refunded,2026-05-25 12:00:00 +0000,USD,115.47,115.47,https://l.facebook.com/
#1874,paid,2026-05-25 12:00:00 +0000,USD,112.78,,https://l.facebook.com/
#1875,refunded,2026-05-25 12:00:00 +0000,USD,174.44,174.44,https://l.facebook.com/
#1876,paid,2026-05-25 12:00:00 +0000,USD,196.93,,https://www.google.com/
#1877,paid,2026-05-25 12:00:00 +0000,USD,169.62,,https://www.google.com/
#1878,paid,2026-05-25 12:00:00 +0000,USD,104.38,,https://www.google.com/
#1879,paid,2026-05-25 12:00:00 +0000,USD,134.65,,
#1880,paid,2026-05-25 12:00:00 +0000,USD,173.25,,
#1881,paid,2026-05-25 12:00:00 +0000,USD,121.82,,https://l.facebook.com/
#1882,paid,2026-05-25 12:00:00 +0000,USD,71.29,,https://l.facebook.com/
#1883,refunded,2026-05-25 12:00:00 +0000,USD,191.13,191.13,https://www.google.com/
#1884,paid,2026-05-25 12:00:00 +0000,USD,84.83,,https://www.google.com/
#1885,paid,2026-05-25 12:00:00 +0000,USD,115.17,,
#1886,paid,2026-05-25 12:00:00 +0000,USD,189.29,,https://www.google.com/
#1887,paid,2026-05-25 12:00:00 +0000,USD,105.59,,
#1888,paid,2026-05-25 12:00:00 +0000,USD,78.48,,https://l.facebook.com/
#1889,paid,2026-05-26 12:00:00 +0000,USD,82.97,,https://www.google.com/
#1890,paid,2026-05-26 12:00:00 +0000,USD,108.15,,https://l.facebook.com/
#1891,paid,2026-05-26 12:00:00 +0000,USD,193.96,,https://l.facebook.com/
#1892,paid,2026-05-26 12:00:00 +0000,USD,147.52,,https://l.facebook.com/
#1893,paid,2026-05-26 12:00:00 +0000,USD,88.49,,https://www.google.com/
#1894,paid,2026-05-26 12:00:00 +0000,USD,197.86,,
#1895,paid,2026-05-26 12:00:00 +0000,USD,97.27,,https://l.facebook.com/
#1896,paid,2026-05-26 12:00:00 +0000,USD,100.53,,
#1897,paid,2026-05-26 12:00:00 +0000,USD,153.57,,
#1898,paid,2026-05-26 12:00:00 +0000,USD,136.5,,
#1899,paid,2026-05-26 12:00:00 +0000,USD,113.21,,https://www.google.com/
#1900,paid,2026-05-26 12:00:00 +0000,USD,161.16,,https://l.facebook.com/
#1901,paid,2026-05-26 12:00:00 +0000,USD,80.44,,
#1902,paid,2026-05-26 12:00:00 +0000,USD,90.13,,https://www.google.com/
#1903,paid,2026-05-26 12:00:00 +0000,USD,127.23,,https://www.google.com/
#1904,paid,2026-05-26 12:00:00 +0000,USD,72.32,,
#1905,paid,2026-05-26 12:00:00 +0000,USD,109.67,,
#1906,paid,2026-05-26 12:00:00 +0000,USD,194.42,,
#1907,paid,2026-05-26 12:00:00 +0000,USD,108.54,,https://www.google.com/
#1908,paid,2026-05-26 12:00:00 +0000,USD,97.99,,https://l.facebook.com/
#1909,paid,2026-05-26 12:00:00 +0000,USD,137.12,,https://www.google.com/
#1910,paid,2026-05-26 12:00:00 +0000,USD,179.7,,https://l.facebook.com/
#1911,paid,2026-05-26 12:00:00 +0000,USD,130.82,,https://www.google.com/
#1912,refunded,2026-05-26 12:00:00 +0000,USD,148.86,148.86,https://l.facebook.com/
#1913,paid,2026-05-26 12:00:00 +0000,USD,111.86,,
#1914,refunded,2026-05-26 12:00:00 +0000,USD,107.28,107.28,https://www.google.com/
#1915,paid,2026-05-26 12:00:00 +0000,USD,104.56,,https://www.google.com/
#1916,paid,2026-05-26 12:00:00 +0000,USD,111.52,,https://www.google.com/
#1917,paid,2026-05-26 12:00:00 +0000,USD,129.58,,
#1918,paid,2026-05-26 12:00:00 +0000,USD,182.62,,https://www.google.com/
#1919,paid,2026-05-26 12:00:00 +0000,USD,195.99,,https://l.facebook.com/
#1920,paid,2026-05-27 12:00:00 +0000,USD,169.0,,https://www.google.com/
#1921,paid,2026-05-27 12:00:00 +0000,USD,197.15,,https://www.google.com/
#1922,paid,2026-05-27 12:00:00 +0000,USD,189.5,,https://l.facebook.com/
#1923,paid,2026-05-27 12:00:00 +0000,USD,165.25,,https://www.google.com/
#1924,paid,2026-05-27 12:00:00 +0000,USD,191.74,,
#1925,paid,2026-05-27 12:00:00 +0000,USD,122.64,,https://l.facebook.com/
#1926,paid,2026-05-27 12:00:00 +0000,USD,113.57,,
#1927,paid,2026-05-27 12:00:00 +0000,USD,147.62,,
#1928,paid,2026-05-27 12:00:00 +0000,USD,92.9,,
#1929,paid,2026-05-27 12:00:00 +0000,USD,160.22,,https://l.facebook.com/
#1930,paid,2026-05-27 12:00:00 +0000,USD,175.68,,https://www.google.com/
#1931,paid,2026-05-27 12:00:00 +0000,USD,110.79,,
#1932,paid,2026-05-27 12:00:00 +0000,USD,111.59,,https://l.facebook.com/
#1933,paid,2026-05-27 12:00:00 +0000,USD,87.62,,https://www.google.com/
#1934,paid,2026-05-27 12:00:00 +0000,USD,143.01,,
#1935,paid,2026-05-27 12:00:00 +0000,USD,95.95,,
#1936,paid,2026-05-27 12:00:00 +0000,USD,81.66,,
#1937,paid,2026-05-27 12:00:00 +0000,USD,190.6,,https://l.facebook.com/
#1938,paid,2026-05-27 12:00:00 +0000,USD,103.72,,https://l.facebook.com/
#1939,paid,2026-05-27 12:00:00 +0000,USD,156.6,,
#1940,paid,2026-05-27 12:00:00 +0000,USD,161.06,,
#1941,paid,2026-05-27 12:00:00 +0000,USD,194.39,,https://l.facebook.com/
#1942,paid,2026-05-27 12:00:00 +0000,USD,138.82,,https://l.facebook.com/
#1943,paid,2026-05-27 12:00:00 +0000,USD,119.81,,https://l.facebook.com/
#1944,paid,2026-05-27 12:00:00 +0000,USD,90.4,,
#1945,paid,2026-05-27 12:00:00 +0000,USD,136.6,,https://l.facebook.com/
#1946,paid,2026-05-27 12:00:00 +0000,USD,100.48,,https://l.facebook.com/
#1947,paid,2026-05-27 12:00:00 +0000,USD,136.88,,https://l.facebook.com/
#1948,paid,2026-05-27 12:00:00 +0000,USD,161.33,,
#1949,paid,2026-05-27 12:00:00 +0000,USD,84.81,,https://l.facebook.com/
#1950,paid,2026-05-28 12:00:00 +0000,USD,190.42,,https://l.facebook.com/
#1951,paid,2026-05-28 12:00:00 +0000,USD,90.17,,https://l.facebook.com/
#1952,paid,2026-05-28 12:00:00 +0000,USD,128.61,,https://l.facebook.com/
#1953,paid,2026-05-28 12:00:00 +0000,USD,187.33,,https://www.google.com/
#1954,paid,2026-05-28 12:00:00 +0000,USD,104.79,,
#1955,paid,2026-05-28 12:00:00 +0000,USD,108.41,,https://www.google.com/
#1956,paid,2026-05-28 12:00:00 +0000,USD,114.57,,https://l.facebook.com/
#1957,paid,2026-05-28 12:00:00 +0000,USD,120.05,,
#1958,paid,2026-05-28 12:00:00 +0000,USD,173.25,,https://l.facebook.com/
#1959,paid,2026-05-28 12:00:00 +0000,USD,176.03,,https://l.facebook.com/
#1960,paid,2026-05-28 12:00:00 +0000,USD,188.75,,
#1961,paid,2026-05-28 12:00:00 +0000,USD,70.85,,
#1962,paid,2026-05-28 12:00:00 +0000,USD,114.1,,https://l.facebook.com/
#1963,paid,2026-05-28 12:00:00 +0000,USD,74.99,,
#1964,paid,2026-05-28 12:00:00 +0000,USD,102.85,,
#1965,paid,2026-05-28 12:00:00 +0000,USD,128.91,,
#1966,paid,2026-05-28 12:00:00 +0000,USD,121.66,,https://www.google.com/
#1967,paid,2026-05-28 12:00:00 +0000,USD,98.47,,https://www.google.com/
#1968,paid,2026-05-28 12:00:00 +0000,USD,131.55,,
#1969,paid,2026-05-28 12:00:00 +0000,USD,199.55,,https://l.facebook.com/
#1970,paid,2026-05-28 12:00:00 +0000,USD,150.59,,
#1971,paid,2026-05-28 12:00:00 +0000,USD,109.55,,https://l.facebook.com/
#1972,paid,2026-05-28 12:00:00 +0000,USD,188.47,,
#1973,paid,2026-05-28 12:00:00 +0000,USD,146.57,,https://l.facebook.com/
#1974,paid,2026-05-28 12:00:00 +0000,USD,179.34,,https://www.google.com/
#1975,refunded,2026-05-28 12:00:00 +0000,USD,177.07,177.07,https://www.google.com/
#1976,paid,2026-05-29 12:00:00 +0000,USD,104.1,,https://l.facebook.com/
#1977,paid,2026-05-29 12:00:00 +0000,USD,178.94,,https://www.google.com/
#1978,paid,2026-05-29 12:00:00 +0000,USD,91.88,,https://www.google.com/
#1979,paid,2026-05-29 12:00:00 +0000,USD,95.86,,
#1980,paid,2026-05-29 12:00:00 +0000,USD,110.01,,
#1981,paid,2026-05-29 12:00:00 +0000,USD,125.85,,https://l.facebook.com/
#1982,paid,2026-05-29 12:00:00 +0000,USD,186.03,,https://www.google.com/
#1983,paid,2026-05-29 12:00:00 +0000,USD,76.07,,https://l.facebook.com/
#1984,paid,2026-05-29 12:00:00 +0000,USD,197.54,,https://l.facebook.com/
#1985,refunded,2026-05-29 12:00:00 +0000,USD,195.82,195.82,https://l.facebook.com/
#1986,paid,2026-05-29 12:00:00 +0000,USD,113.26,,https://l.facebook.com/
#1987,paid,2026-05-29 12:00:00 +0000,USD,130.12,,https://www.google.com/
#1988,paid,2026-05-29 12:00:00 +0000,USD,132.21,,https://www.google.com/
#1989,paid,2026-05-29 12:00:00 +0000,USD,130.41,,
#1990,paid,2026-05-29 12:00:00 +0000,USD,114.47,,https://l.facebook.com/
#1991,paid,2026-05-29 12:00:00 +0000,USD,172.66,,https://www.google.com/
#1992,paid,2026-05-29 12:00:00 +0000,USD,113.09,,https://l.facebook.com/
#1993,refunded,2026-05-29 12:00:00 +0000,USD,173.22,173.22,https://www.google.com/
#1994,paid,2026-05-29 12:00:00 +0000,USD,181.28,,https://l.facebook.com/
#1995,paid,2026-05-29 12:00:00 +0000,USD,173.56,,https://www.google.com/
#1996,paid,2026-05-29 12:00:00 +0000,USD,143.24,,https://l.facebook.com/
#1997,paid,2026-05-29 12:00:00 +0000,USD,142.63,,https://l.facebook.com/
#1998,paid,2026-05-29 12:00:00 +0000,USD,80.64,,https://l.facebook.com/
#1999,paid,2026-05-29 12:00:00 +0000,USD,113.79,,https://www.google.com/
#2000,paid,2026-05-29 12:00:00 +0000,USD,162.67,,
#2001,paid,2026-05-29 12:00:00 +0000,USD,156.85,,
#2002,paid,2026-05-29 12:00:00 +0000,USD,104.87,,https://l.facebook.com/
#2003,paid,2026-05-29 12:00:00 +0000,USD,142.75,,
#2004,paid,2026-05-29 12:00:00 +0000,USD,98.55,,https://www.google.com/
#2005,paid,2026-05-29 12:00:00 +0000,USD,162.94,,https://l.facebook.com/
#2006,paid,2026-05-29 12:00:00 +0000,USD,149.48,,https://www.google.com/
#2007,paid,2026-05-30 12:00:00 +0000,USD,130.33,,
#2008,paid,2026-05-30 12:00:00 +0000,USD,170.18,,
#2009,paid,2026-05-30 12:00:00 +0000,USD,85.92,,
#2010,paid,2026-05-30 12:00:00 +0000,USD,81.37,,https://l.facebook.com/
#2011,paid,2026-05-30 12:00:00 +0000,USD,121.02,,https://www.google.com/
#2012,paid,2026-05-30 12:00:00 +0000,USD,134.45,,https://l.facebook.com/
#2013,paid,2026-05-30 12:00:00 +0000,USD,182.19,,https://l.facebook.com/
#2014,paid,2026-05-30 12:00:00 +0000,USD,77.81,,
#2015,paid,2026-05-30 12:00:00 +0000,USD,114.95,,https://l.facebook.com/
#2016,paid,2026-05-30 12:00:00 +0000,USD,92.79,,https://l.facebook.com/
#2017,paid,2026-05-30 12:00:00 +0000,USD,103.63,,https://l.facebook.com/
#2018,paid,2026-05-30 12:00:00 +0000,USD,153.27,,https://l.facebook.com/
#2019,paid,2026-05-30 12:00:00 +0000,USD,101.94,,https://www.google.com/
#2020,paid,2026-05-30 12:00:00 +0000,USD,116.94,,https://www.google.com/
#2021,paid,2026-05-30 12:00:00 +0000,USD,162.54,,https://www.google.com/
#2022,paid,2026-05-30 12:00:00 +0000,USD,74.25,,https://www.google.com/
#2023,paid,2026-05-30 12:00:00 +0000,USD,161.33,,https://l.facebook.com/
#2024,paid,2026-05-30 12:00:00 +0000,USD,113.22,,
#2025,paid,2026-05-30 12:00:00 +0000,USD,169.25,,https://l.facebook.com/
#2026,paid,2026-05-30 12:00:00 +0000,USD,119.85,,
#2027,paid,2026-05-30 12:00:00 +0000,USD,96.41,,
#2028,paid,2026-05-30 12:00:00 +0000,USD,131.6,,https://l.facebook.com/
#2029,paid,2026-05-30 12:00:00 +0000,USD,185.79,,https://l.facebook.com/
#2030,paid,2026-05-30 12:00:00 +0000,USD,87.55,,https://www.google.com/
#2031,paid,2026-05-30 12:00:00 +0000,USD,164.54,,
#2032,paid,2026-05-30 12:00:00 +0000,USD,77.87,,https://l.facebook.com/
#2033,paid,2026-05-30 12:00:00 +0000,USD,141.25,,
#2034,paid,2026-05-30 12:00:00 +0000,USD,118.22,,
#2035,paid,2026-05-30 12:00:00 +0000,USD,162.52,,
#2036,paid,2026-05-30 12:00:00 +0000,USD,74.37,,
#2037,paid,2026-05-30 12:00:00 +0000,USD,158.98,,https://l.facebook.com/
#2038,paid,2026-05-30 12:00:00 +0000,USD,104.82,,
#2039,paid,2026-05-30 12:00:00 +0000,USD,84.69,,
#2040,paid,2026-05-30 12:00:00 +0000,USD,97.06,,
#2041,paid,2026-05-30 12:00:00 +0000,USD,71.47,,https://l.facebook.com/
#2042,refunded,2026-05-30 12:00:00 +0000,USD,167.19,167.19,https://l.facebook.com/
#2043,paid,2026-05-30 12:00:00 +0000,USD,116.22,,
