Campaign name,Day,Amount spent (USD),Purchases,Purchases (click),Purchases (view),Purchases conversion value,Impressions
Prospecting - Broad,2026-06-01,915.86,13,11,2,1920.44,101033
Retargeting - 30d,2026-06-01,831.18,11,5,6,1382.67,107096
Advantage+ Shopping,2026-06-01,629.55,9,7,2,1130.27,98535
Prospecting - Broad,2026-06-02,770.27,12,10,2,1731.47,45489
Retargeting - 30d,2026-06-02,713.69,12,6,6,1603.08,60643
Advantage+ Shopping,2026-06-02,675.17,10,8,2,1218.95,44673
Prospecting - Broad,2026-06-03,817.22,11,9,2,1329.93,100808
Retargeting - 30d,2026-06-03,763.57,10,5,5,1258.6,70624
Advantage+ Shopping,2026-06-03,605.63,10,8,2,1398.73,99943
Prospecting - Broad,2026-06-04,868.38,15,12,3,2048.07,50905
Retargeting - 30d,2026-06-04,692.98,12,6,6,1522.68,77885
Advantage+ Shopping,2026-06-04,618.91,7,5,2,862.66,54129
Prospecting - Broad,2026-06-05,862.09,16,13,3,2379.86,40071
Retargeting - 30d,2026-06-05,849.62,10,5,5,1215.7,89212
Advantage+ Shopping,2026-06-05,584.19,11,8,3,1344.1,66016
Prospecting - Broad,2026-06-06,825.86,15,12,3,1839.21,83592
Retargeting - 30d,2026-06-06,717.25,8,4,4,1181.48,57641
Advantage+ Shopping,2026-06-06,522.11,8,6,2,974.37,103808
Prospecting - Broad,2026-06-07,915.71,11,9,2,1467.65,64993
Retargeting - 30d,2026-06-07,809.29,14,7,7,1856.08,90299
Advantage+ Shopping,2026-06-07,589.08,7,5,2,884.7,75362
Prospecting - Broad,2026-06-08,1044.68,16,13,3,2204.52,42573
Retargeting - 30d,2026-06-08,713.21,10,5,5,1456.31,115623
Advantage+ Shopping,2026-06-08,708.18,7,5,2,884.78,73852
Prospecting - Broad,2026-06-09,931.55,10,8,2,1449.09,90616
Retargeting - 30d,2026-06-09,635.33,9,4,5,1237.34,71852
Advantage+ Shopping,2026-06-09,578.17,7,5,2,970.65,56675
Prospecting - Broad,2026-06-10,892.26,17,14,3,2333.03,90606
Retargeting - 30d,2026-06-10,651.72,9,4,5,1325.27,72702
Advantage+ Shopping,2026-06-10,534.14,10,8,2,1388.69,112604
Prospecting - Broad,2026-06-11,1037.0,11,9,2,1611.12,119106
Retargeting - 30d,2026-06-11,624.4,9,4,5,1109.44,107155
Advantage+ Shopping,2026-06-11,550.88,11,8,3,1552.51,73683
Prospecting - Broad,2026-06-12,1022.94,13,11,2,1751.49,108167
Retargeting - 30d,2026-06-12,796.7,9,4,5,1098.57,69936
Advantage+ Shopping,2026-06-12,637.84,9,7,2,1246.29,49717
Prospecting - Broad,2026-06-13,1026.83,12,10,2,1513.43,42172
Retargeting - 30d,2026-06-13,717.6,9,4,5,1147.25,46107
Advantage+ Shopping,2026-06-13,578.19,8,6,2,1097.32,57246
Prospecting - Broad,2026-06-14,785.09,11,9,2,1468.61,83380
Retargeting - 30d,2026-06-14,789.24,12,6,6,1650.4,58395
Advantage+ Shopping,2026-06-14,694.42,10,8,2,1342.44,86854
Prospecting - Broad,2026-06-15,1040.93,15,12,3,1809.57,49808
Retargeting - 30d,2026-06-15,799.29,11,5,6,1425.24,49493
Advantage+ Shopping,2026-06-15,615.34,7,5,2,994.77,56979
Prospecting - Broad,2026-06-16,1026.1,15,12,3,1958.33,102033
Retargeting - 30d,2026-06-16,835.29,13,6,7,1722.69,43967
Advantage+ Shopping,2026-06-16,620.93,11,8,3,1526.24,90113
Prospecting - Broad,2026-06-17,746.0,13,11,2,1588.18,51881
Retargeting - 30d,2026-06-17,866.59,12,6,6,1756.73,83273
Advantage+ Shopping,2026-06-17,654.92,9,7,2,1236.86,97740
Prospecting - Broad,2026-06-18,910.11,13,11,2,1762.29,107440
Retargeting - 30d,2026-06-18,766.21,9,4,5,1209.86,70175
Advantage+ Shopping,2026-06-18,524.59,11,8,3,1577.38,103739
Prospecting - Broad,2026-06-19,745.64,12,10,2,1548.37,66551
Retargeting - 30d,2026-06-19,805.25,11,5,6,1433.03,97924
Advantage+ Shopping,2026-06-19,551.53,9,7,2,1189.28,72846
Prospecting - Broad,2026-06-20,875.86,11,9,2,1585.98,66252
Retargeting - 30d,2026-06-20,710.69,13,6,7,1787.41,81482
Advantage+ Shopping,2026-06-20,529.13,8,6,2,1044.18,45317
Prospecting - Broad,2026-06-21,1036.96,15,12,3,1924.56,62168
Retargeting - 30d,2026-06-21,732.94,9,4,5,1329.95,94261
Advantage+ Shopping,2026-06-21,609.87,9,7,2,1261.48,99307
Prospecting - Broad,2026-06-22,999.33,12,10,2,1540.12,119633
Retargeting - 30d,2026-06-22,793.7,9,4,5,1234.06,80505
Advantage+ Shopping,2026-06-22,619.1,10,8,2,1392.3,93108
Prospecting - Broad,2026-06-23,749.81,13,11,2,1883.57,71117
Retargeting - 30d,2026-06-23,816.28,13,6,7,1943.76,55113
Advantage+ Shopping,2026-06-23,632.91,9,7,2,1256.86,88324
Prospecting - Broad,2026-06-24,954.56,17,14,3,2141.66,102277
Retargeting - 30d,2026-06-24,795.13,10,5,5,1426.52,110103
Advantage+ Shopping,2026-06-24,538.46,10,8,2,1281.71,85316
Prospecting - Broad,2026-06-25,1035.98,14,11,3,1890.17,60865
Retargeting - 30d,2026-06-25,815.02,11,5,6,1619.06,51430
Advantage+ Shopping,2026-06-25,687.94,9,7,2,1184.75,99048
Prospecting - Broad,2026-06-26,936.27,13,11,2,1914.89,89388
Retargeting - 30d,2026-06-26,779.37,11,5,6,1485.87,84970
Advantage+ Shopping,2026-06-26,637.38,9,7,2,1135.32,56185
Prospecting - Broad,2026-06-27,1021.44,12,10,2,1792.98,80613
Retargeting - 30d,2026-06-27,814.73,11,5,6,1425.73,42051
Advantage+ Shopping,2026-06-27,518.28,8,6,2,1065.82,112129
Prospecting - Broad,2026-06-28,827.56,13,11,2,1918.71,68612
Retargeting - 30d,2026-06-28,628.66,13,6,7,1871.95,62661
Advantage+ Shopping,2026-06-28,644.77,9,7,2,1327.32,101677
Prospecting - Broad,2026-06-29,902.44,11,9,2,1558.78,97693
Retargeting - 30d,2026-06-29,738.38,14,7,7,2078.64,51275
Advantage+ Shopping,2026-06-29,592.99,10,8,2,1367.63,113601
Prospecting - Broad,2026-06-30,904.38,14,11,3,2034.32,113396
Retargeting - 30d,2026-06-30,784.14,10,5,5,1486.44,119879
Advantage+ Shopping,2026-06-30,679.16,8,6,2,1192.43,108711
